{"level":30,"time":1770950237959,"env":"development","version":"2.6.5","pid":18576,"requestId":"U3F1J-KB8QC","timestamp":"2026-02-13T02:37:17.957Z","operation":"loggerInit","msg":"Logger initialized. MCP level: debug."}
{"level":30,"time":1770950237959,"env":"development","version":"2.6.5","pid":18576,"requestId":"4VTEA-EGP6I","timestamp":"2026-02-13T02:37:17.959Z","operation":"LoggerInit","msg":"Logger initialized. Effective MCP logging level: debug."}
{"level":30,"time":1770950237959,"env":"development","version":"2.6.5","pid":18576,"runtime":"node","runtimeVersion":"Node.js 25.6.1","requestId":"Z5SYA-6QA37","timestamp":"2026-02-13T02:37:17.959Z","operation":"RuntimeDetection","msg":"Runtime detected: Node.js 25.6.1"}
{"level":30,"time":1770950237959,"env":"development","version":"2.6.5","pid":18576,"requestId":"4XG8P-M043F","timestamp":"2026-02-13T02:37:17.959Z","operation":"StorageInit","msg":"Storage service initialized with provider: in-memory"}
{"level":30,"time":1770950237959,"env":"development","version":"2.6.5","pid":18576,"applicationName":"@cyanheads/git-mcp-server","applicationVersion":"2.6.5","nodeEnvironment":"development","requestId":"REO5N-1J17S","timestamp":"2026-02-13T02:37:17.959Z","operation":"ServerStartup","msg":"Starting @cyanheads/git-mcp-server (v2.6.5)..."}
{"level":30,"time":1770950237960,"env":"development","version":"2.6.5","pid":18576,"transport":"stdio","requestId":"7ZBSN-YO3F7","timestamp":"2026-02-13T02:37:17.960Z","operation":"TransportManager.start","msg":"Starting transport: stdio"}
{"level":30,"time":1770950237960,"env":"development","version":"2.6.5","pid":18576,"requestId":"R9BI9-ZMZUQ","timestamp":"2026-02-13T02:37:17.960Z","operation":"createMcpServerInstance","msg":"Initializing MCP server instance"}
{"level":20,"time":1770950237960,"env":"development","version":"2.6.5","pid":18576,"requestId":"Z2EWI-DXEGV","timestamp":"2026-02-13T02:37:17.960Z","newConfigState":{"appName":"@cyanheads/git-mcp-server","appVersion":"2.6.5","environment":"development"},"operation":"RequestContextService.configure","msg":"RequestContextService configuration updated"}
{"level":20,"time":1770950237965,"env":"development","version":"2.6.5","pid":18576,"requestId":"R9BI9-ZMZUQ","timestamp":"2026-02-13T02:37:17.960Z","operation":"createMcpServerInstance","msg":"Registering all MCP capabilities via registries..."}
{"level":30,"time":1770950237965,"env":"development","version":"2.6.5","pid":18576,"requestId":"2VOK9-KSXFT","timestamp":"2026-02-13T02:37:17.965Z","operation":"ToolRegistry.registerAll","msg":"Registering 27 tool(s)..."}
{"level":20,"time":1770950237966,"env":"development","version":"2.6.5","pid":18576,"toolName":"git_add","requestId":"JJ8S5-MEKBU","timestamp":"2026-02-13T02:37:17.966Z","operation":"ToolRegistry.registerTool","msg":"Registering tool: 'git_add'"}
{"level":30,"time":1770950237967,"env":"development","version":"2.6.5","pid":18576,"toolName":"git_add","requestId":"JJ8S5-MEKBU","timestamp":"2026-02-13T02:37:17.966Z","operation":"ToolRegistry.registerTool","msg":"Tool 'git_add' registered successfully."}
{"level":20,"time":1770950237967,"env":"development","version":"2.6.5","pid":18576,"toolName":"git_blame","requestId":"R1C05-BRQB3","timestamp":"2026-02-13T02:37:17.967Z","operation":"ToolRegistry.registerTool","msg":"Registering tool: 'git_blame'"}
{"level":30,"time":1770950237967,"env":"development","version":"2.6.5","pid":18576,"toolName":"git_blame","requestId":"R1C05-BRQB3","timestamp":"2026-02-13T02:37:17.967Z","operation":"ToolRegistry.registerTool","msg":"Tool 'git_blame' registered successfully."}
{"level":20,"time":1770950237967,"env":"development","version":"2.6.5","pid":18576,"toolName":"git_branch","requestId":"HJU14-WR89E","timestamp":"2026-02-13T02:37:17.967Z","operation":"ToolRegistry.registerTool","msg":"Registering tool: 'git_branch'"}
{"level":30,"time":1770950237967,"env":"development","version":"2.6.5","pid":18576,"toolName":"git_branch","requestId":"HJU14-WR89E","timestamp":"2026-02-13T02:37:17.967Z","operation":"ToolRegistry.registerTool","msg":"Tool 'git_branch' registered successfully."}
{"level":20,"time":1770950237967,"env":"development","version":"2.6.5","pid":18576,"toolName":"git_checkout","requestId":"21NW5-FFFSW","timestamp":"2026-02-13T02:37:17.967Z","operation":"ToolRegistry.registerTool","msg":"Registering tool: 'git_checkout'"}
{"level":30,"time":1770950237967,"env":"development","version":"2.6.5","pid":18576,"toolName":"git_checkout","requestId":"21NW5-FFFSW","timestamp":"2026-02-13T02:37:17.967Z","operation":"ToolRegistry.registerTool","msg":"Tool 'git_checkout' registered successfully."}
{"level":20,"time":1770950237967,"env":"development","version":"2.6.5","pid":18576,"toolName":"git_cherry_pick","requestId":"MXECQ-B31WF","timestamp":"2026-02-13T02:37:17.967Z","operation":"ToolRegistry.registerTool","msg":"Registering tool: 'git_cherry_pick'"}
{"level":30,"time":1770950237967,"env":"development","version":"2.6.5","pid":18576,"toolName":"git_cherry_pick","requestId":"MXECQ-B31WF","timestamp":"2026-02-13T02:37:17.967Z","operation":"ToolRegistry.registerTool","msg":"Tool 'git_cherry_pick' registered successfully."}
{"level":20,"time":1770950237967,"env":"development","version":"2.6.5","pid":18576,"toolName":"git_clean","requestId":"JWLP9-HCCT8","timestamp":"2026-02-13T02:37:17.967Z","operation":"ToolRegistry.registerTool","msg":"Registering tool: 'git_clean'"}
{"level":30,"time":1770950237967,"env":"development","version":"2.6.5","pid":18576,"toolName":"git_clean","requestId":"JWLP9-HCCT8","timestamp":"2026-02-13T02:37:17.967Z","operation":"ToolRegistry.registerTool","msg":"Tool 'git_clean' registered successfully."}
{"level":20,"time":1770950237967,"env":"development","version":"2.6.5","pid":18576,"toolName":"git_clear_working_dir","requestId":"D2CS9-OEPYG","timestamp":"2026-02-13T02:37:17.967Z","operation":"ToolRegistry.registerTool","msg":"Registering tool: 'git_clear_working_dir'"}
{"level":30,"time":1770950237967,"env":"development","version":"2.6.5","pid":18576,"toolName":"git_clear_working_dir","requestId":"D2CS9-OEPYG","timestamp":"2026-02-13T02:37:17.967Z","operation":"ToolRegistry.registerTool","msg":"Tool 'git_clear_working_dir' registered successfully."}
{"level":20,"time":1770950237967,"env":"development","version":"2.6.5","pid":18576,"toolName":"git_clone","requestId":"UQOVH-J1G7D","timestamp":"2026-02-13T02:37:17.967Z","operation":"ToolRegistry.registerTool","msg":"Registering tool: 'git_clone'"}
{"level":30,"time":1770950237967,"env":"development","version":"2.6.5","pid":18576,"toolName":"git_clone","requestId":"UQOVH-J1G7D","timestamp":"2026-02-13T02:37:17.967Z","operation":"ToolRegistry.registerTool","msg":"Tool 'git_clone' registered successfully."}
{"level":20,"time":1770950237967,"env":"development","version":"2.6.5","pid":18576,"toolName":"git_commit","requestId":"VSE2H-7SFIA","timestamp":"2026-02-13T02:37:17.967Z","operation":"ToolRegistry.registerTool","msg":"Registering tool: 'git_commit'"}
{"level":30,"time":1770950237967,"env":"development","version":"2.6.5","pid":18576,"toolName":"git_commit","requestId":"VSE2H-7SFIA","timestamp":"2026-02-13T02:37:17.967Z","operation":"ToolRegistry.registerTool","msg":"Tool 'git_commit' registered successfully."}
{"level":20,"time":1770950237967,"env":"development","version":"2.6.5","pid":18576,"toolName":"git_diff","requestId":"DSI40-MU9B6","timestamp":"2026-02-13T02:37:17.967Z","operation":"ToolRegistry.registerTool","msg":"Registering tool: 'git_diff'"}
{"level":30,"time":1770950237968,"env":"development","version":"2.6.5","pid":18576,"toolName":"git_diff","requestId":"DSI40-MU9B6","timestamp":"2026-02-13T02:37:17.967Z","operation":"ToolRegistry.registerTool","msg":"Tool 'git_diff' registered successfully."}
{"level":20,"time":1770950237968,"env":"development","version":"2.6.5","pid":18576,"toolName":"git_fetch","requestId":"AICFG-KYFEE","timestamp":"2026-02-13T02:37:17.968Z","operation":"ToolRegistry.registerTool","msg":"Registering tool: 'git_fetch'"}
{"level":30,"time":1770950237968,"env":"development","version":"2.6.5","pid":18576,"toolName":"git_fetch","requestId":"AICFG-KYFEE","timestamp":"2026-02-13T02:37:17.968Z","operation":"ToolRegistry.registerTool","msg":"Tool 'git_fetch' registered successfully."}
{"level":20,"time":1770950237968,"env":"development","version":"2.6.5","pid":18576,"toolName":"git_init","requestId":"T9Z7S-K4J35","timestamp":"2026-02-13T02:37:17.968Z","operation":"ToolRegistry.registerTool","msg":"Registering tool: 'git_init'"}
{"level":30,"time":1770950237968,"env":"development","version":"2.6.5","pid":18576,"toolName":"git_init","requestId":"T9Z7S-K4J35","timestamp":"2026-02-13T02:37:17.968Z","operation":"ToolRegistry.registerTool","msg":"Tool 'git_init' registered successfully."}
{"level":20,"time":1770950237968,"env":"development","version":"2.6.5","pid":18576,"toolName":"git_log","requestId":"6DP00-V6S5W","timestamp":"2026-02-13T02:37:17.968Z","operation":"ToolRegistry.registerTool","msg":"Registering tool: 'git_log'"}
{"level":30,"time":1770950237968,"env":"development","version":"2.6.5","pid":18576,"toolName":"git_log","requestId":"6DP00-V6S5W","timestamp":"2026-02-13T02:37:17.968Z","operation":"ToolRegistry.registerTool","msg":"Tool 'git_log' registered successfully."}
{"level":20,"time":1770950237968,"env":"development","version":"2.6.5","pid":18576,"toolName":"git_merge","requestId":"1223D-PUC85","timestamp":"2026-02-13T02:37:17.968Z","operation":"ToolRegistry.registerTool","msg":"Registering tool: 'git_merge'"}
{"level":30,"time":1770950237968,"env":"development","version":"2.6.5","pid":18576,"toolName":"git_merge","requestId":"1223D-PUC85","timestamp":"2026-02-13T02:37:17.968Z","operation":"ToolRegistry.registerTool","msg":"Tool 'git_merge' registered successfully."}
{"level":20,"time":1770950237968,"env":"development","version":"2.6.5","pid":18576,"toolName":"git_pull","requestId":"34IVA-2T0S9","timestamp":"2026-02-13T02:37:17.968Z","operation":"ToolRegistry.registerTool","msg":"Registering tool: 'git_pull'"}
{"level":30,"time":1770950237968,"env":"development","version":"2.6.5","pid":18576,"toolName":"git_pull","requestId":"34IVA-2T0S9","timestamp":"2026-02-13T02:37:17.968Z","operation":"ToolRegistry.registerTool","msg":"Tool 'git_pull' registered successfully."}
{"level":20,"time":1770950237968,"env":"development","version":"2.6.5","pid":18576,"toolName":"git_push","requestId":"SEX4G-WCVFT","timestamp":"2026-02-13T02:37:17.968Z","operation":"ToolRegistry.registerTool","msg":"Registering tool: 'git_push'"}
{"level":30,"time":1770950237968,"env":"development","version":"2.6.5","pid":18576,"toolName":"git_push","requestId":"SEX4G-WCVFT","timestamp":"2026-02-13T02:37:17.968Z","operation":"ToolRegistry.registerTool","msg":"Tool 'git_push' registered successfully."}
{"level":20,"time":1770950237968,"env":"development","version":"2.6.5","pid":18576,"toolName":"git_rebase","requestId":"O16YB-88KLD","timestamp":"2026-02-13T02:37:17.968Z","operation":"ToolRegistry.registerTool","msg":"Registering tool: 'git_rebase'"}
{"level":30,"time":1770950237968,"env":"development","version":"2.6.5","pid":18576,"toolName":"git_rebase","requestId":"O16YB-88KLD","timestamp":"2026-02-13T02:37:17.968Z","operation":"ToolRegistry.registerTool","msg":"Tool 'git_rebase' registered successfully."}
{"level":20,"time":1770950237968,"env":"development","version":"2.6.5","pid":18576,"toolName":"git_reflog","requestId":"1XTSY-MAPKD","timestamp":"2026-02-13T02:37:17.968Z","operation":"ToolRegistry.registerTool","msg":"Registering tool: 'git_reflog'"}
{"level":30,"time":1770950237968,"env":"development","version":"2.6.5","pid":18576,"toolName":"git_reflog","requestId":"1XTSY-MAPKD","timestamp":"2026-02-13T02:37:17.968Z","operation":"ToolRegistry.registerTool","msg":"Tool 'git_reflog' registered successfully."}
{"level":20,"time":1770950237968,"env":"development","version":"2.6.5","pid":18576,"toolName":"git_remote","requestId":"Z67O5-YJD1U","timestamp":"2026-02-13T02:37:17.968Z","operation":"ToolRegistry.registerTool","msg":"Registering tool: 'git_remote'"}
{"level":30,"time":1770950237968,"env":"development","version":"2.6.5","pid":18576,"toolName":"git_remote","requestId":"Z67O5-YJD1U","timestamp":"2026-02-13T02:37:17.968Z","operation":"ToolRegistry.registerTool","msg":"Tool 'git_remote' registered successfully."}
{"level":20,"time":1770950237968,"env":"development","version":"2.6.5","pid":18576,"toolName":"git_reset","requestId":"8SMWF-0K82D","timestamp":"2026-02-13T02:37:17.968Z","operation":"ToolRegistry.registerTool","msg":"Registering tool: 'git_reset'"}
{"level":30,"time":1770950237968,"env":"development","version":"2.6.5","pid":18576,"toolName":"git_reset","requestId":"8SMWF-0K82D","timestamp":"2026-02-13T02:37:17.968Z","operation":"ToolRegistry.registerTool","msg":"Tool 'git_reset' registered successfully."}
{"level":20,"time":1770950237968,"env":"development","version":"2.6.5","pid":18576,"toolName":"git_set_working_dir","requestId":"C0665-AUIRG","timestamp":"2026-02-13T02:37:17.968Z","operation":"ToolRegistry.registerTool","msg":"Registering tool: 'git_set_working_dir'"}
{"level":30,"time":1770950237968,"env":"development","version":"2.6.5","pid":18576,"toolName":"git_set_working_dir","requestId":"C0665-AUIRG","timestamp":"2026-02-13T02:37:17.968Z","operation":"ToolRegistry.registerTool","msg":"Tool 'git_set_working_dir' registered successfully."}
{"level":20,"time":1770950237968,"env":"development","version":"2.6.5","pid":18576,"toolName":"git_show","requestId":"J9VLC-KRN1D","timestamp":"2026-02-13T02:37:17.968Z","operation":"ToolRegistry.registerTool","msg":"Registering tool: 'git_show'"}
{"level":30,"time":1770950237968,"env":"development","version":"2.6.5","pid":18576,"toolName":"git_show","requestId":"J9VLC-KRN1D","timestamp":"2026-02-13T02:37:17.968Z","operation":"ToolRegistry.registerTool","msg":"Tool 'git_show' registered successfully."}
{"level":20,"time":1770950237968,"env":"development","version":"2.6.5","pid":18576,"toolName":"git_stash","requestId":"5IAZY-M1V6A","timestamp":"2026-02-13T02:37:17.968Z","operation":"ToolRegistry.registerTool","msg":"Registering tool: 'git_stash'"}
{"level":30,"time":1770950237968,"env":"development","version":"2.6.5","pid":18576,"toolName":"git_stash","requestId":"5IAZY-M1V6A","timestamp":"2026-02-13T02:37:17.968Z","operation":"ToolRegistry.registerTool","msg":"Tool 'git_stash' registered successfully."}
{"level":20,"time":1770950237968,"env":"development","version":"2.6.5","pid":18576,"toolName":"git_status","requestId":"1K0EC-54XWM","timestamp":"2026-02-13T02:37:17.968Z","operation":"ToolRegistry.registerTool","msg":"Registering tool: 'git_status'"}
{"level":30,"time":1770950237968,"env":"development","version":"2.6.5","pid":18576,"toolName":"git_status","requestId":"1K0EC-54XWM","timestamp":"2026-02-13T02:37:17.968Z","operation":"ToolRegistry.registerTool","msg":"Tool 'git_status' registered successfully."}
{"level":20,"time":1770950237969,"env":"development","version":"2.6.5","pid":18576,"toolName":"git_tag","requestId":"JMBUH-6TXN6","timestamp":"2026-02-13T02:37:17.969Z","operation":"ToolRegistry.registerTool","msg":"Registering tool: 'git_tag'"}
{"level":30,"time":1770950237969,"env":"development","version":"2.6.5","pid":18576,"toolName":"git_tag","requestId":"JMBUH-6TXN6","timestamp":"2026-02-13T02:37:17.969Z","operation":"ToolRegistry.registerTool","msg":"Tool 'git_tag' registered successfully."}
{"level":20,"time":1770950237969,"env":"development","version":"2.6.5","pid":18576,"toolName":"git_worktree","requestId":"ILQGV-J6NCU","timestamp":"2026-02-13T02:37:17.969Z","operation":"ToolRegistry.registerTool","msg":"Registering tool: 'git_worktree'"}
{"level":30,"time":1770950237969,"env":"development","version":"2.6.5","pid":18576,"toolName":"git_worktree","requestId":"ILQGV-J6NCU","timestamp":"2026-02-13T02:37:17.969Z","operation":"ToolRegistry.registerTool","msg":"Tool 'git_worktree' registered successfully."}
{"level":20,"time":1770950237969,"env":"development","version":"2.6.5","pid":18576,"toolName":"git_wrapup_instructions","requestId":"NVPVJ-KPGNN","timestamp":"2026-02-13T02:37:17.969Z","operation":"ToolRegistry.registerTool","msg":"Registering tool: 'git_wrapup_instructions'"}
{"level":30,"time":1770950237969,"env":"development","version":"2.6.5","pid":18576,"toolName":"git_wrapup_instructions","requestId":"NVPVJ-KPGNN","timestamp":"2026-02-13T02:37:17.969Z","operation":"ToolRegistry.registerTool","msg":"Tool 'git_wrapup_instructions' registered successfully."}
{"level":30,"time":1770950237969,"env":"development","version":"2.6.5","pid":18576,"requestId":"SN7SB-XOH38","timestamp":"2026-02-13T02:37:17.969Z","operation":"ResourceRegistry.registerAll","msg":"Registering 1 resource(s)..."}
{"level":30,"time":1770950237969,"env":"development","version":"2.6.5","pid":18576,"requestId":"AKL6F-QRXMP","timestamp":"2026-02-13T02:37:17.969Z","resourceName":"git-working-directory","operation":"RegisterResource","msg":"Registering resource: 'git-working-directory'"}
{"level":30,"time":1770950237970,"env":"development","version":"2.6.5","pid":18576,"requestId":"AKL6F-QRXMP","timestamp":"2026-02-13T02:37:17.969Z","resourceName":"git-working-directory","operation":"RegisterResource","msg":"Resource 'git-working-directory' registered successfully."}
{"level":20,"time":1770950237970,"env":"development","version":"2.6.5","pid":18576,"requestId":"YBP95-58NE9","timestamp":"2026-02-13T02:37:17.970Z","operation":"PromptRegistry.registerAll","msg":"Registering 1 prompts..."}
{"level":20,"time":1770950237970,"env":"development","version":"2.6.5","pid":18576,"requestId":"YBP95-58NE9","timestamp":"2026-02-13T02:37:17.970Z","operation":"PromptRegistry.registerAll","msg":"Registering prompt: git_wrapup"}
{"level":30,"time":1770950237970,"env":"development","version":"2.6.5","pid":18576,"requestId":"YBP95-58NE9","timestamp":"2026-02-13T02:37:17.970Z","operation":"PromptRegistry.registerAll","msg":"Registered prompt: git_wrapup"}
{"level":30,"time":1770950237970,"env":"development","version":"2.6.5","pid":18576,"requestId":"YBP95-58NE9","timestamp":"2026-02-13T02:37:17.970Z","operation":"PromptRegistry.registerAll","msg":"Successfully registered 1 prompts"}
{"level":20,"time":1770950237971,"env":"development","version":"2.6.5","pid":18576,"requestId":"VDIBN-11F6O","timestamp":"2026-02-13T02:37:17.971Z","operation":"RootsRegistry.registerAll","msg":"Roots capability enabled (client-provided roots)"}
{"level":30,"time":1770950237971,"env":"development","version":"2.6.5","pid":18576,"requestId":"VDIBN-11F6O","timestamp":"2026-02-13T02:37:17.971Z","operation":"RootsRegistry.registerAll","msg":"Roots capability registered successfully"}
{"level":30,"time":1770950237971,"env":"development","version":"2.6.5","pid":18576,"requestId":"R9BI9-ZMZUQ","timestamp":"2026-02-13T02:37:17.960Z","operation":"createMcpServerInstance","msg":"All MCP capabilities registered successfully"}
{"level":30,"time":1770950237971,"env":"development","version":"2.6.5","pid":18576,"transport":"stdio","requestId":"7ZBSN-YO3F7","timestamp":"2026-02-13T02:37:17.960Z","operation":"connectStdioTransport","transportType":"Stdio","msg":"Attempting to connect stdio transport..."}
{"level":20,"time":1770950237971,"env":"development","version":"2.6.5","pid":18576,"transport":"stdio","requestId":"7ZBSN-YO3F7","timestamp":"2026-02-13T02:37:17.960Z","operation":"connectStdioTransport","transportType":"Stdio","msg":"Creating StdioServerTransport instance..."}
{"level":20,"time":1770950237971,"env":"development","version":"2.6.5","pid":18576,"transport":"stdio","requestId":"7ZBSN-YO3F7","timestamp":"2026-02-13T02:37:17.960Z","operation":"connectStdioTransport","transportType":"Stdio","msg":"Connecting McpServer instance to StdioServerTransport..."}
{"level":30,"time":1770950237971,"env":"development","version":"2.6.5","pid":18576,"transport":"stdio","requestId":"7ZBSN-YO3F7","timestamp":"2026-02-13T02:37:17.960Z","operation":"connectStdioTransport","transportType":"Stdio","msg":"MCP Server connected and listening via stdio transport."}
{"level":30,"time":1770950237971,"env":"development","version":"2.6.5","pid":18576,"applicationName":"@cyanheads/git-mcp-server","applicationVersion":"2.6.5","nodeEnvironment":"development","requestId":"REO5N-1J17S","timestamp":"2026-02-13T02:37:17.959Z","operation":"ServerStartup","msg":"@cyanheads/git-mcp-server is now running and ready."}
{"level":30,"time":1770950258046,"env":"development","version":"2.6.5","pid":4144,"requestId":"53AMA-N9REC","timestamp":"2026-02-13T02:37:38.044Z","operation":"loggerInit","msg":"Logger initialized. MCP level: debug."}
{"level":30,"time":1770950258046,"env":"development","version":"2.6.5","pid":4144,"requestId":"CWIV3-WX17O","timestamp":"2026-02-13T02:37:38.046Z","operation":"LoggerInit","msg":"Logger initialized. Effective MCP logging level: debug."}
{"level":30,"time":1770950258046,"env":"development","version":"2.6.5","pid":4144,"runtime":"node","runtimeVersion":"Node.js 25.6.1","requestId":"T3OL4-0MUJO","timestamp":"2026-02-13T02:37:38.046Z","operation":"RuntimeDetection","msg":"Runtime detected: Node.js 25.6.1"}
{"level":30,"time":1770950258046,"env":"development","version":"2.6.5","pid":4144,"requestId":"07PCP-T5WSE","timestamp":"2026-02-13T02:37:38.046Z","operation":"StorageInit","msg":"Storage service initialized with provider: in-memory"}
{"level":30,"time":1770950258047,"env":"development","version":"2.6.5","pid":4144,"applicationName":"@cyanheads/git-mcp-server","applicationVersion":"2.6.5","nodeEnvironment":"development","requestId":"XNVRU-PIZ2G","timestamp":"2026-02-13T02:37:38.047Z","operation":"ServerStartup","msg":"Starting @cyanheads/git-mcp-server (v2.6.5)..."}
{"level":30,"time":1770950258047,"env":"development","version":"2.6.5","pid":4144,"transport":"stdio","requestId":"7K9GA-ZNG4L","timestamp":"2026-02-13T02:37:38.047Z","operation":"TransportManager.start","msg":"Starting transport: stdio"}
{"level":30,"time":1770950258047,"env":"development","version":"2.6.5","pid":4144,"requestId":"AE7KL-3KGNA","timestamp":"2026-02-13T02:37:38.047Z","operation":"createMcpServerInstance","msg":"Initializing MCP server instance"}
{"level":20,"time":1770950258047,"env":"development","version":"2.6.5","pid":4144,"requestId":"85ZQT-Q1UVD","timestamp":"2026-02-13T02:37:38.047Z","newConfigState":{"appName":"@cyanheads/git-mcp-server","appVersion":"2.6.5","environment":"development"},"operation":"RequestContextService.configure","msg":"RequestContextService configuration updated"}
{"level":20,"time":1770950258052,"env":"development","version":"2.6.5","pid":4144,"requestId":"AE7KL-3KGNA","timestamp":"2026-02-13T02:37:38.047Z","operation":"createMcpServerInstance","msg":"Registering all MCP capabilities via registries..."}
{"level":30,"time":1770950258052,"env":"development","version":"2.6.5","pid":4144,"requestId":"U0VQZ-N4Y7W","timestamp":"2026-02-13T02:37:38.052Z","operation":"ToolRegistry.registerAll","msg":"Registering 27 tool(s)..."}
{"level":20,"time":1770950258053,"env":"development","version":"2.6.5","pid":4144,"toolName":"git_add","requestId":"ITKO4-IPH0E","timestamp":"2026-02-13T02:37:38.052Z","operation":"ToolRegistry.registerTool","msg":"Registering tool: 'git_add'"}
{"level":30,"time":1770950258058,"env":"development","version":"2.6.5","pid":4144,"toolName":"git_add","requestId":"ITKO4-IPH0E","timestamp":"2026-02-13T02:37:38.052Z","operation":"ToolRegistry.registerTool","msg":"Tool 'git_add' registered successfully."}
{"level":20,"time":1770950258058,"env":"development","version":"2.6.5","pid":4144,"toolName":"git_blame","requestId":"PD867-1GSN5","timestamp":"2026-02-13T02:37:38.058Z","operation":"ToolRegistry.registerTool","msg":"Registering tool: 'git_blame'"}
{"level":30,"time":1770950258059,"env":"development","version":"2.6.5","pid":4144,"toolName":"git_blame","requestId":"PD867-1GSN5","timestamp":"2026-02-13T02:37:38.058Z","operation":"ToolRegistry.registerTool","msg":"Tool 'git_blame' registered successfully."}
{"level":20,"time":1770950258059,"env":"development","version":"2.6.5","pid":4144,"toolName":"git_branch","requestId":"IC8UU-SL36N","timestamp":"2026-02-13T02:37:38.059Z","operation":"ToolRegistry.registerTool","msg":"Registering tool: 'git_branch'"}
{"level":30,"time":1770950258059,"env":"development","version":"2.6.5","pid":4144,"toolName":"git_branch","requestId":"IC8UU-SL36N","timestamp":"2026-02-13T02:37:38.059Z","operation":"ToolRegistry.registerTool","msg":"Tool 'git_branch' registered successfully."}
{"level":20,"time":1770950258059,"env":"development","version":"2.6.5","pid":4144,"toolName":"git_checkout","requestId":"OF20V-ZLGO2","timestamp":"2026-02-13T02:37:38.059Z","operation":"ToolRegistry.registerTool","msg":"Registering tool: 'git_checkout'"}
{"level":30,"time":1770950258059,"env":"development","version":"2.6.5","pid":4144,"toolName":"git_checkout","requestId":"OF20V-ZLGO2","timestamp":"2026-02-13T02:37:38.059Z","operation":"ToolRegistry.registerTool","msg":"Tool 'git_checkout' registered successfully."}
{"level":20,"time":1770950258059,"env":"development","version":"2.6.5","pid":4144,"toolName":"git_cherry_pick","requestId":"MWZ8E-SCYBB","timestamp":"2026-02-13T02:37:38.059Z","operation":"ToolRegistry.registerTool","msg":"Registering tool: 'git_cherry_pick'"}
{"level":30,"time":1770950258059,"env":"development","version":"2.6.5","pid":4144,"toolName":"git_cherry_pick","requestId":"MWZ8E-SCYBB","timestamp":"2026-02-13T02:37:38.059Z","operation":"ToolRegistry.registerTool","msg":"Tool 'git_cherry_pick' registered successfully."}
{"level":20,"time":1770950258059,"env":"development","version":"2.6.5","pid":4144,"toolName":"git_clean","requestId":"J2XSA-FAISC","timestamp":"2026-02-13T02:37:38.059Z","operation":"ToolRegistry.registerTool","msg":"Registering tool: 'git_clean'"}
{"level":30,"time":1770950258059,"env":"development","version":"2.6.5","pid":4144,"toolName":"git_clean","requestId":"J2XSA-FAISC","timestamp":"2026-02-13T02:37:38.059Z","operation":"ToolRegistry.registerTool","msg":"Tool 'git_clean' registered successfully."}
{"level":20,"time":1770950258059,"env":"development","version":"2.6.5","pid":4144,"toolName":"git_clear_working_dir","requestId":"E5IDU-2B2H8","timestamp":"2026-02-13T02:37:38.059Z","operation":"ToolRegistry.registerTool","msg":"Registering tool: 'git_clear_working_dir'"}
{"level":30,"time":1770950258059,"env":"development","version":"2.6.5","pid":4144,"toolName":"git_clear_working_dir","requestId":"E5IDU-2B2H8","timestamp":"2026-02-13T02:37:38.059Z","operation":"ToolRegistry.registerTool","msg":"Tool 'git_clear_working_dir' registered successfully."}
{"level":20,"time":1770950258059,"env":"development","version":"2.6.5","pid":4144,"toolName":"git_clone","requestId":"4G524-TY3UI","timestamp":"2026-02-13T02:37:38.059Z","operation":"ToolRegistry.registerTool","msg":"Registering tool: 'git_clone'"}
{"level":30,"time":1770950258059,"env":"development","version":"2.6.5","pid":4144,"toolName":"git_clone","requestId":"4G524-TY3UI","timestamp":"2026-02-13T02:37:38.059Z","operation":"ToolRegistry.registerTool","msg":"Tool 'git_clone' registered successfully."}
{"level":20,"time":1770950258059,"env":"development","version":"2.6.5","pid":4144,"toolName":"git_commit","requestId":"GVZAL-VVDCN","timestamp":"2026-02-13T02:37:38.059Z","operation":"ToolRegistry.registerTool","msg":"Registering tool: 'git_commit'"}
{"level":30,"time":1770950258059,"env":"development","version":"2.6.5","pid":4144,"toolName":"git_commit","requestId":"GVZAL-VVDCN","timestamp":"2026-02-13T02:37:38.059Z","operation":"ToolRegistry.registerTool","msg":"Tool 'git_commit' registered successfully."}
{"level":20,"time":1770950258059,"env":"development","version":"2.6.5","pid":4144,"toolName":"git_diff","requestId":"5N7HE-ZGZ0I","timestamp":"2026-02-13T02:37:38.059Z","operation":"ToolRegistry.registerTool","msg":"Registering tool: 'git_diff'"}
{"level":30,"time":1770950258059,"env":"development","version":"2.6.5","pid":4144,"toolName":"git_diff","requestId":"5N7HE-ZGZ0I","timestamp":"2026-02-13T02:37:38.059Z","operation":"ToolRegistry.registerTool","msg":"Tool 'git_diff' registered successfully."}
{"level":20,"time":1770950258059,"env":"development","version":"2.6.5","pid":4144,"toolName":"git_fetch","requestId":"I94LY-1ISKY","timestamp":"2026-02-13T02:37:38.059Z","operation":"ToolRegistry.registerTool","msg":"Registering tool: 'git_fetch'"}
{"level":30,"time":1770950258059,"env":"development","version":"2.6.5","pid":4144,"toolName":"git_fetch","requestId":"I94LY-1ISKY","timestamp":"2026-02-13T02:37:38.059Z","operation":"ToolRegistry.registerTool","msg":"Tool 'git_fetch' registered successfully."}
{"level":20,"time":1770950258060,"env":"development","version":"2.6.5","pid":4144,"toolName":"git_init","requestId":"B0NXJ-9CLY8","timestamp":"2026-02-13T02:37:38.060Z","operation":"ToolRegistry.registerTool","msg":"Registering tool: 'git_init'"}
{"level":30,"time":1770950258060,"env":"development","version":"2.6.5","pid":4144,"toolName":"git_init","requestId":"B0NXJ-9CLY8","timestamp":"2026-02-13T02:37:38.060Z","operation":"ToolRegistry.registerTool","msg":"Tool 'git_init' registered successfully."}
{"level":20,"time":1770950258060,"env":"development","version":"2.6.5","pid":4144,"toolName":"git_log","requestId":"O0TDI-2VIBJ","timestamp":"2026-02-13T02:37:38.060Z","operation":"ToolRegistry.registerTool","msg":"Registering tool: 'git_log'"}
{"level":30,"time":1770950258060,"env":"development","version":"2.6.5","pid":4144,"toolName":"git_log","requestId":"O0TDI-2VIBJ","timestamp":"2026-02-13T02:37:38.060Z","operation":"ToolRegistry.registerTool","msg":"Tool 'git_log' registered successfully."}
{"level":20,"time":1770950258060,"env":"development","version":"2.6.5","pid":4144,"toolName":"git_merge","requestId":"XSD66-CPOF4","timestamp":"2026-02-13T02:37:38.060Z","operation":"ToolRegistry.registerTool","msg":"Registering tool: 'git_merge'"}
{"level":30,"time":1770950258060,"env":"development","version":"2.6.5","pid":4144,"toolName":"git_merge","requestId":"XSD66-CPOF4","timestamp":"2026-02-13T02:37:38.060Z","operation":"ToolRegistry.registerTool","msg":"Tool 'git_merge' registered successfully."}
{"level":20,"time":1770950258060,"env":"development","version":"2.6.5","pid":4144,"toolName":"git_pull","requestId":"S1HLN-HMR4Q","timestamp":"2026-02-13T02:37:38.060Z","operation":"ToolRegistry.registerTool","msg":"Registering tool: 'git_pull'"}
{"level":30,"time":1770950258060,"env":"development","version":"2.6.5","pid":4144,"toolName":"git_pull","requestId":"S1HLN-HMR4Q","timestamp":"2026-02-13T02:37:38.060Z","operation":"ToolRegistry.registerTool","msg":"Tool 'git_pull' registered successfully."}
{"level":20,"time":1770950258060,"env":"development","version":"2.6.5","pid":4144,"toolName":"git_push","requestId":"W8VNZ-HWGAP","timestamp":"2026-02-13T02:37:38.060Z","operation":"ToolRegistry.registerTool","msg":"Registering tool: 'git_push'"}
{"level":30,"time":1770950258060,"env":"development","version":"2.6.5","pid":4144,"toolName":"git_push","requestId":"W8VNZ-HWGAP","timestamp":"2026-02-13T02:37:38.060Z","operation":"ToolRegistry.registerTool","msg":"Tool 'git_push' registered successfully."}
{"level":20,"time":1770950258060,"env":"development","version":"2.6.5","pid":4144,"toolName":"git_rebase","requestId":"2YLW2-3U3JR","timestamp":"2026-02-13T02:37:38.060Z","operation":"ToolRegistry.registerTool","msg":"Registering tool: 'git_rebase'"}
{"level":30,"time":1770950258060,"env":"development","version":"2.6.5","pid":4144,"toolName":"git_rebase","requestId":"2YLW2-3U3JR","timestamp":"2026-02-13T02:37:38.060Z","operation":"ToolRegistry.registerTool","msg":"Tool 'git_rebase' registered successfully."}
{"level":20,"time":1770950258060,"env":"development","version":"2.6.5","pid":4144,"toolName":"git_reflog","requestId":"GZ2FZ-WNNW5","timestamp":"2026-02-13T02:37:38.060Z","operation":"ToolRegistry.registerTool","msg":"Registering tool: 'git_reflog'"}
{"level":30,"time":1770950258060,"env":"development","version":"2.6.5","pid":4144,"toolName":"git_reflog","requestId":"GZ2FZ-WNNW5","timestamp":"2026-02-13T02:37:38.060Z","operation":"ToolRegistry.registerTool","msg":"Tool 'git_reflog' registered successfully."}
{"level":20,"time":1770950258060,"env":"development","version":"2.6.5","pid":4144,"toolName":"git_remote","requestId":"9JVO0-4CTIG","timestamp":"2026-02-13T02:37:38.060Z","operation":"ToolRegistry.registerTool","msg":"Registering tool: 'git_remote'"}
{"level":30,"time":1770950258060,"env":"development","version":"2.6.5","pid":4144,"toolName":"git_remote","requestId":"9JVO0-4CTIG","timestamp":"2026-02-13T02:37:38.060Z","operation":"ToolRegistry.registerTool","msg":"Tool 'git_remote' registered successfully."}
{"level":20,"time":1770950258060,"env":"development","version":"2.6.5","pid":4144,"toolName":"git_reset","requestId":"NGS21-421EH","timestamp":"2026-02-13T02:37:38.060Z","operation":"ToolRegistry.registerTool","msg":"Registering tool: 'git_reset'"}
{"level":30,"time":1770950258060,"env":"development","version":"2.6.5","pid":4144,"toolName":"git_reset","requestId":"NGS21-421EH","timestamp":"2026-02-13T02:37:38.060Z","operation":"ToolRegistry.registerTool","msg":"Tool 'git_reset' registered successfully."}
{"level":20,"time":1770950258060,"env":"development","version":"2.6.5","pid":4144,"toolName":"git_set_working_dir","requestId":"HOAG8-DB31I","timestamp":"2026-02-13T02:37:38.060Z","operation":"ToolRegistry.registerTool","msg":"Registering tool: 'git_set_working_dir'"}
{"level":30,"time":1770950258060,"env":"development","version":"2.6.5","pid":4144,"toolName":"git_set_working_dir","requestId":"HOAG8-DB31I","timestamp":"2026-02-13T02:37:38.060Z","operation":"ToolRegistry.registerTool","msg":"Tool 'git_set_working_dir' registered successfully."}
{"level":20,"time":1770950258060,"env":"development","version":"2.6.5","pid":4144,"toolName":"git_show","requestId":"7T0Q3-L5HWH","timestamp":"2026-02-13T02:37:38.060Z","operation":"ToolRegistry.registerTool","msg":"Registering tool: 'git_show'"}
{"level":30,"time":1770950258060,"env":"development","version":"2.6.5","pid":4144,"toolName":"git_show","requestId":"7T0Q3-L5HWH","timestamp":"2026-02-13T02:37:38.060Z","operation":"ToolRegistry.registerTool","msg":"Tool 'git_show' registered successfully."}
{"level":20,"time":1770950258060,"env":"development","version":"2.6.5","pid":4144,"toolName":"git_stash","requestId":"7L72E-0JVLQ","timestamp":"2026-02-13T02:37:38.060Z","operation":"ToolRegistry.registerTool","msg":"Registering tool: 'git_stash'"}
{"level":30,"time":1770950258060,"env":"development","version":"2.6.5","pid":4144,"toolName":"git_stash","requestId":"7L72E-0JVLQ","timestamp":"2026-02-13T02:37:38.060Z","operation":"ToolRegistry.registerTool","msg":"Tool 'git_stash' registered successfully."}
{"level":20,"time":1770950258061,"env":"development","version":"2.6.5","pid":4144,"toolName":"git_status","requestId":"5N3Z4-8UDWA","timestamp":"2026-02-13T02:37:38.061Z","operation":"ToolRegistry.registerTool","msg":"Registering tool: 'git_status'"}
{"level":30,"time":1770950258061,"env":"development","version":"2.6.5","pid":4144,"toolName":"git_status","requestId":"5N3Z4-8UDWA","timestamp":"2026-02-13T02:37:38.061Z","operation":"ToolRegistry.registerTool","msg":"Tool 'git_status' registered successfully."}
{"level":20,"time":1770950258061,"env":"development","version":"2.6.5","pid":4144,"toolName":"git_tag","requestId":"RJA4W-LO348","timestamp":"2026-02-13T02:37:38.061Z","operation":"ToolRegistry.registerTool","msg":"Registering tool: 'git_tag'"}
{"level":30,"time":1770950258061,"env":"development","version":"2.6.5","pid":4144,"toolName":"git_tag","requestId":"RJA4W-LO348","timestamp":"2026-02-13T02:37:38.061Z","operation":"ToolRegistry.registerTool","msg":"Tool 'git_tag' registered successfully."}
{"level":20,"time":1770950258061,"env":"development","version":"2.6.5","pid":4144,"toolName":"git_worktree","requestId":"FW5OS-NQHXZ","timestamp":"2026-02-13T02:37:38.061Z","operation":"ToolRegistry.registerTool","msg":"Registering tool: 'git_worktree'"}
{"level":30,"time":1770950258061,"env":"development","version":"2.6.5","pid":4144,"toolName":"git_worktree","requestId":"FW5OS-NQHXZ","timestamp":"2026-02-13T02:37:38.061Z","operation":"ToolRegistry.registerTool","msg":"Tool 'git_worktree' registered successfully."}
{"level":20,"time":1770950258061,"env":"development","version":"2.6.5","pid":4144,"toolName":"git_wrapup_instructions","requestId":"XAJYY-8W08C","timestamp":"2026-02-13T02:37:38.061Z","operation":"ToolRegistry.registerTool","msg":"Registering tool: 'git_wrapup_instructions'"}
{"level":30,"time":1770950258061,"env":"development","version":"2.6.5","pid":4144,"toolName":"git_wrapup_instructions","requestId":"XAJYY-8W08C","timestamp":"2026-02-13T02:37:38.061Z","operation":"ToolRegistry.registerTool","msg":"Tool 'git_wrapup_instructions' registered successfully."}
{"level":30,"time":1770950258061,"env":"development","version":"2.6.5","pid":4144,"requestId":"M9JUF-5X2SN","timestamp":"2026-02-13T02:37:38.061Z","operation":"ResourceRegistry.registerAll","msg":"Registering 1 resource(s)..."}
{"level":30,"time":1770950258061,"env":"development","version":"2.6.5","pid":4144,"requestId":"V2GXT-O9HXK","timestamp":"2026-02-13T02:37:38.061Z","resourceName":"git-working-directory","operation":"RegisterResource","msg":"Registering resource: 'git-working-directory'"}
{"level":30,"time":1770950258062,"env":"development","version":"2.6.5","pid":4144,"requestId":"V2GXT-O9HXK","timestamp":"2026-02-13T02:37:38.061Z","resourceName":"git-working-directory","operation":"RegisterResource","msg":"Resource 'git-working-directory' registered successfully."}
{"level":20,"time":1770950258062,"env":"development","version":"2.6.5","pid":4144,"requestId":"JSPCT-6KOPZ","timestamp":"2026-02-13T02:37:38.062Z","operation":"PromptRegistry.registerAll","msg":"Registering 1 prompts..."}
{"level":20,"time":1770950258062,"env":"development","version":"2.6.5","pid":4144,"requestId":"JSPCT-6KOPZ","timestamp":"2026-02-13T02:37:38.062Z","operation":"PromptRegistry.registerAll","msg":"Registering prompt: git_wrapup"}
{"level":30,"time":1770950258063,"env":"development","version":"2.6.5","pid":4144,"requestId":"JSPCT-6KOPZ","timestamp":"2026-02-13T02:37:38.062Z","operation":"PromptRegistry.registerAll","msg":"Registered prompt: git_wrapup"}
{"level":30,"time":1770950258063,"env":"development","version":"2.6.5","pid":4144,"requestId":"JSPCT-6KOPZ","timestamp":"2026-02-13T02:37:38.062Z","operation":"PromptRegistry.registerAll","msg":"Successfully registered 1 prompts"}
{"level":20,"time":1770950258063,"env":"development","version":"2.6.5","pid":4144,"requestId":"7QD96-3DF1M","timestamp":"2026-02-13T02:37:38.063Z","operation":"RootsRegistry.registerAll","msg":"Roots capability enabled (client-provided roots)"}
{"level":30,"time":1770950258063,"env":"development","version":"2.6.5","pid":4144,"requestId":"7QD96-3DF1M","timestamp":"2026-02-13T02:37:38.063Z","operation":"RootsRegistry.registerAll","msg":"Roots capability registered successfully"}
{"level":30,"time":1770950258063,"env":"development","version":"2.6.5","pid":4144,"requestId":"AE7KL-3KGNA","timestamp":"2026-02-13T02:37:38.047Z","operation":"createMcpServerInstance","msg":"All MCP capabilities registered successfully"}
{"level":30,"time":1770950258063,"env":"development","version":"2.6.5","pid":4144,"transport":"stdio","requestId":"7K9GA-ZNG4L","timestamp":"2026-02-13T02:37:38.047Z","operation":"connectStdioTransport","transportType":"Stdio","msg":"Attempting to connect stdio transport..."}
{"level":20,"time":1770950258063,"env":"development","version":"2.6.5","pid":4144,"transport":"stdio","requestId":"7K9GA-ZNG4L","timestamp":"2026-02-13T02:37:38.047Z","operation":"connectStdioTransport","transportType":"Stdio","msg":"Creating StdioServerTransport instance..."}
{"level":20,"time":1770950258063,"env":"development","version":"2.6.5","pid":4144,"transport":"stdio","requestId":"7K9GA-ZNG4L","timestamp":"2026-02-13T02:37:38.047Z","operation":"connectStdioTransport","transportType":"Stdio","msg":"Connecting McpServer instance to StdioServerTransport..."}
{"level":30,"time":1770950258063,"env":"development","version":"2.6.5","pid":4144,"transport":"stdio","requestId":"7K9GA-ZNG4L","timestamp":"2026-02-13T02:37:38.047Z","operation":"connectStdioTransport","transportType":"Stdio","msg":"MCP Server connected and listening via stdio transport."}
{"level":30,"time":1770950258063,"env":"development","version":"2.6.5","pid":4144,"applicationName":"@cyanheads/git-mcp-server","applicationVersion":"2.6.5","nodeEnvironment":"development","requestId":"XNVRU-PIZ2G","timestamp":"2026-02-13T02:37:38.047Z","operation":"ServerStartup","msg":"@cyanheads/git-mcp-server is now running and ready."}
{"level":60,"time":1770950258091,"env":"development","version":"2.6.5","pid":4144,"applicationName":"@cyanheads/git-mcp-server","applicationVersion":"2.6.5","nodeEnvironment":"development","requestId":"XNVRU-PIZ2G","timestamp":"2026-02-13T02:37:38.047Z","operation":"ServerStartup","err":{"type":"Object","message":"EPIPE: broken pipe, write","stack":"Error: EPIPE: broken pipe, write\n    at Socket._write (node:internal/net:75:18)\n    at writeOrBuffer (node:internal/streams/writable:570:12)\n    at _write (node:internal/streams/writable:499:10)\n    at Writable.write (node:internal/streams/writable:508:10)\n    at file:///C:/Users/82107/AppData/Local/npm-cache/_npx/28a7655f837f2293/node_modules/@cyanheads/git-mcp-server/dist/index.js:194966:24\n    at new Promise (<anonymous>)\n    at StdioServerTransport.send (file:///C:/Users/82107/AppData/Local/npm-cache/_npx/28a7655f837f2293/node_modules/@cyanheads/git-mcp-server/dist/index.js:194964:12)\n    at Promise.resolve.then.then.then.errorResponse.jsonrpc (file:///C:/Users/82107/AppData/Local/npm-cache/_npx/28a7655f837f2293/node_modules/@cyanheads/git-mcp-server/dist/index.js:184272:110)\n    at process.processTicksAndRejections (node:internal/process/task_queues:104:5)","errno":-4047,"syscall":"write","code":"EPIPE"},"msg":"FATAL: Uncaught exception detected."}
{"level":30,"time":1770950258129,"env":"development","version":"2.6.5","pid":4144,"triggerEvent":"uncaughtException","requestId":"XFRDU-ZN9AO","timestamp":"2026-02-13T02:37:38.129Z","operation":"ServerShutdown","msg":"Received uncaughtException. Initiating graceful shutdown..."}
{"level":30,"time":1770950258129,"env":"development","version":"2.6.5","pid":4144,"signal":"uncaughtException","requestId":"ZF0AV-5Y0ZN","timestamp":"2026-02-13T02:37:38.129Z","operation":"stopStdioTransport","transportType":"Stdio","msg":"Attempting to stop stdio transport..."}
{"level":30,"time":1770950258129,"env":"development","version":"2.6.5","pid":4144,"signal":"uncaughtException","requestId":"ZF0AV-5Y0ZN","timestamp":"2026-02-13T02:37:38.129Z","operation":"stopStdioTransport","transportType":"Stdio","msg":"Stdio transport stopped successfully."}
{"level":30,"time":1770950258129,"env":"development","version":"2.6.5","pid":4144,"triggerEvent":"uncaughtException","requestId":"XFRDU-ZN9AO","timestamp":"2026-02-13T02:37:38.129Z","operation":"ServerShutdown","msg":"Graceful shutdown completed successfully. Exiting."}
{"level":30,"time":1770950258130,"env":"development","version":"2.6.5","pid":4144,"requestId":"KY973-TIM7T","timestamp":"2026-02-13T02:37:38.130Z","operation":"loggerClose","msg":"Logger shutting down."}
{"level":30,"time":1770950258315,"env":"development","version":"2.6.5","pid":8284,"requestId":"2UJ8L-13ZEE","timestamp":"2026-02-13T02:37:38.313Z","operation":"loggerInit","msg":"Logger initialized. MCP level: debug."}
{"level":30,"time":1770950258316,"env":"development","version":"2.6.5","pid":8284,"requestId":"R2TT7-KFC0E","timestamp":"2026-02-13T02:37:38.316Z","operation":"LoggerInit","msg":"Logger initialized. Effective MCP logging level: debug."}
{"level":30,"time":1770950258316,"env":"development","version":"2.6.5","pid":8284,"runtime":"node","runtimeVersion":"Node.js 25.6.1","requestId":"E5R0C-KNBK8","timestamp":"2026-02-13T02:37:38.316Z","operation":"RuntimeDetection","msg":"Runtime detected: Node.js 25.6.1"}
{"level":30,"time":1770950258316,"env":"development","version":"2.6.5","pid":8284,"requestId":"HAEBP-2AF9V","timestamp":"2026-02-13T02:37:38.316Z","operation":"StorageInit","msg":"Storage service initialized with provider: in-memory"}
{"level":30,"time":1770950258316,"env":"development","version":"2.6.5","pid":8284,"applicationName":"@cyanheads/git-mcp-server","applicationVersion":"2.6.5","nodeEnvironment":"development","requestId":"B4I9C-U5Q3K","timestamp":"2026-02-13T02:37:38.316Z","operation":"ServerStartup","msg":"Starting @cyanheads/git-mcp-server (v2.6.5)..."}
{"level":30,"time":1770950258317,"env":"development","version":"2.6.5","pid":8284,"transport":"stdio","requestId":"C3UU0-OTYWY","timestamp":"2026-02-13T02:37:38.317Z","operation":"TransportManager.start","msg":"Starting transport: stdio"}
{"level":30,"time":1770950258317,"env":"development","version":"2.6.5","pid":8284,"requestId":"A35RH-8LNTU","timestamp":"2026-02-13T02:37:38.317Z","operation":"createMcpServerInstance","msg":"Initializing MCP server instance"}
{"level":20,"time":1770950258317,"env":"development","version":"2.6.5","pid":8284,"requestId":"GRZTX-XNU0K","timestamp":"2026-02-13T02:37:38.317Z","newConfigState":{"appName":"@cyanheads/git-mcp-server","appVersion":"2.6.5","environment":"development"},"operation":"RequestContextService.configure","msg":"RequestContextService configuration updated"}
{"level":20,"time":1770950258323,"env":"development","version":"2.6.5","pid":8284,"requestId":"A35RH-8LNTU","timestamp":"2026-02-13T02:37:38.317Z","operation":"createMcpServerInstance","msg":"Registering all MCP capabilities via registries..."}
{"level":30,"time":1770950258323,"env":"development","version":"2.6.5","pid":8284,"requestId":"JPDFO-3P7IA","timestamp":"2026-02-13T02:37:38.323Z","operation":"ToolRegistry.registerAll","msg":"Registering 27 tool(s)..."}
{"level":20,"time":1770950258324,"env":"development","version":"2.6.5","pid":8284,"toolName":"git_add","requestId":"XN8CU-BWBC9","timestamp":"2026-02-13T02:37:38.323Z","operation":"ToolRegistry.registerTool","msg":"Registering tool: 'git_add'"}
{"level":30,"time":1770950258325,"env":"development","version":"2.6.5","pid":8284,"toolName":"git_add","requestId":"XN8CU-BWBC9","timestamp":"2026-02-13T02:37:38.323Z","operation":"ToolRegistry.registerTool","msg":"Tool 'git_add' registered successfully."}
{"level":20,"time":1770950258325,"env":"development","version":"2.6.5","pid":8284,"toolName":"git_blame","requestId":"NMQFR-13NIF","timestamp":"2026-02-13T02:37:38.325Z","operation":"ToolRegistry.registerTool","msg":"Registering tool: 'git_blame'"}
{"level":30,"time":1770950258325,"env":"development","version":"2.6.5","pid":8284,"toolName":"git_blame","requestId":"NMQFR-13NIF","timestamp":"2026-02-13T02:37:38.325Z","operation":"ToolRegistry.registerTool","msg":"Tool 'git_blame' registered successfully."}
{"level":20,"time":1770950258325,"env":"development","version":"2.6.5","pid":8284,"toolName":"git_branch","requestId":"CJTV0-MMP2Z","timestamp":"2026-02-13T02:37:38.325Z","operation":"ToolRegistry.registerTool","msg":"Registering tool: 'git_branch'"}
{"level":30,"time":1770950258325,"env":"development","version":"2.6.5","pid":8284,"toolName":"git_branch","requestId":"CJTV0-MMP2Z","timestamp":"2026-02-13T02:37:38.325Z","operation":"ToolRegistry.registerTool","msg":"Tool 'git_branch' registered successfully."}
{"level":20,"time":1770950258325,"env":"development","version":"2.6.5","pid":8284,"toolName":"git_checkout","requestId":"FIEAI-IVWS4","timestamp":"2026-02-13T02:37:38.325Z","operation":"ToolRegistry.registerTool","msg":"Registering tool: 'git_checkout'"}
{"level":30,"time":1770950258325,"env":"development","version":"2.6.5","pid":8284,"toolName":"git_checkout","requestId":"FIEAI-IVWS4","timestamp":"2026-02-13T02:37:38.325Z","operation":"ToolRegistry.registerTool","msg":"Tool 'git_checkout' registered successfully."}
{"level":20,"time":1770950258325,"env":"development","version":"2.6.5","pid":8284,"toolName":"git_cherry_pick","requestId":"ZKW5M-AYXG7","timestamp":"2026-02-13T02:37:38.325Z","operation":"ToolRegistry.registerTool","msg":"Registering tool: 'git_cherry_pick'"}
{"level":30,"time":1770950258325,"env":"development","version":"2.6.5","pid":8284,"toolName":"git_cherry_pick","requestId":"ZKW5M-AYXG7","timestamp":"2026-02-13T02:37:38.325Z","operation":"ToolRegistry.registerTool","msg":"Tool 'git_cherry_pick' registered successfully."}
{"level":20,"time":1770950258326,"env":"development","version":"2.6.5","pid":8284,"toolName":"git_clean","requestId":"VVPS9-V9KJU","timestamp":"2026-02-13T02:37:38.326Z","operation":"ToolRegistry.registerTool","msg":"Registering tool: 'git_clean'"}
{"level":30,"time":1770950258326,"env":"development","version":"2.6.5","pid":8284,"toolName":"git_clean","requestId":"VVPS9-V9KJU","timestamp":"2026-02-13T02:37:38.326Z","operation":"ToolRegistry.registerTool","msg":"Tool 'git_clean' registered successfully."}
{"level":20,"time":1770950258326,"env":"development","version":"2.6.5","pid":8284,"toolName":"git_clear_working_dir","requestId":"Z7UX8-LW54M","timestamp":"2026-02-13T02:37:38.326Z","operation":"ToolRegistry.registerTool","msg":"Registering tool: 'git_clear_working_dir'"}
{"level":30,"time":1770950258326,"env":"development","version":"2.6.5","pid":8284,"toolName":"git_clear_working_dir","requestId":"Z7UX8-LW54M","timestamp":"2026-02-13T02:37:38.326Z","operation":"ToolRegistry.registerTool","msg":"Tool 'git_clear_working_dir' registered successfully."}
{"level":20,"time":1770950258326,"env":"development","version":"2.6.5","pid":8284,"toolName":"git_clone","requestId":"CKHU1-4DUGK","timestamp":"2026-02-13T02:37:38.326Z","operation":"ToolRegistry.registerTool","msg":"Registering tool: 'git_clone'"}
{"level":30,"time":1770950258326,"env":"development","version":"2.6.5","pid":8284,"toolName":"git_clone","requestId":"CKHU1-4DUGK","timestamp":"2026-02-13T02:37:38.326Z","operation":"ToolRegistry.registerTool","msg":"Tool 'git_clone' registered successfully."}
{"level":20,"time":1770950258326,"env":"development","version":"2.6.5","pid":8284,"toolName":"git_commit","requestId":"KORQK-DXWL2","timestamp":"2026-02-13T02:37:38.326Z","operation":"ToolRegistry.registerTool","msg":"Registering tool: 'git_commit'"}
{"level":30,"time":1770950258326,"env":"development","version":"2.6.5","pid":8284,"toolName":"git_commit","requestId":"KORQK-DXWL2","timestamp":"2026-02-13T02:37:38.326Z","operation":"ToolRegistry.registerTool","msg":"Tool 'git_commit' registered successfully."}
{"level":20,"time":1770950258326,"env":"development","version":"2.6.5","pid":8284,"toolName":"git_diff","requestId":"1WVDB-DXBG3","timestamp":"2026-02-13T02:37:38.326Z","operation":"ToolRegistry.registerTool","msg":"Registering tool: 'git_diff'"}
{"level":30,"time":1770950258326,"env":"development","version":"2.6.5","pid":8284,"toolName":"git_diff","requestId":"1WVDB-DXBG3","timestamp":"2026-02-13T02:37:38.326Z","operation":"ToolRegistry.registerTool","msg":"Tool 'git_diff' registered successfully."}
{"level":20,"time":1770950258326,"env":"development","version":"2.6.5","pid":8284,"toolName":"git_fetch","requestId":"KFRGT-9G0YN","timestamp":"2026-02-13T02:37:38.326Z","operation":"ToolRegistry.registerTool","msg":"Registering tool: 'git_fetch'"}
{"level":30,"time":1770950258326,"env":"development","version":"2.6.5","pid":8284,"toolName":"git_fetch","requestId":"KFRGT-9G0YN","timestamp":"2026-02-13T02:37:38.326Z","operation":"ToolRegistry.registerTool","msg":"Tool 'git_fetch' registered successfully."}
{"level":20,"time":1770950258327,"env":"development","version":"2.6.5","pid":8284,"toolName":"git_init","requestId":"3EPL0-FO6N3","timestamp":"2026-02-13T02:37:38.326Z","operation":"ToolRegistry.registerTool","msg":"Registering tool: 'git_init'"}
{"level":30,"time":1770950258327,"env":"development","version":"2.6.5","pid":8284,"toolName":"git_init","requestId":"3EPL0-FO6N3","timestamp":"2026-02-13T02:37:38.326Z","operation":"ToolRegistry.registerTool","msg":"Tool 'git_init' registered successfully."}
{"level":20,"time":1770950258327,"env":"development","version":"2.6.5","pid":8284,"toolName":"git_log","requestId":"3NL97-22VNM","timestamp":"2026-02-13T02:37:38.327Z","operation":"ToolRegistry.registerTool","msg":"Registering tool: 'git_log'"}
{"level":30,"time":1770950258327,"env":"development","version":"2.6.5","pid":8284,"toolName":"git_log","requestId":"3NL97-22VNM","timestamp":"2026-02-13T02:37:38.327Z","operation":"ToolRegistry.registerTool","msg":"Tool 'git_log' registered successfully."}
{"level":20,"time":1770950258327,"env":"development","version":"2.6.5","pid":8284,"toolName":"git_merge","requestId":"GB35J-QFL5E","timestamp":"2026-02-13T02:37:38.327Z","operation":"ToolRegistry.registerTool","msg":"Registering tool: 'git_merge'"}
{"level":30,"time":1770950258327,"env":"development","version":"2.6.5","pid":8284,"toolName":"git_merge","requestId":"GB35J-QFL5E","timestamp":"2026-02-13T02:37:38.327Z","operation":"ToolRegistry.registerTool","msg":"Tool 'git_merge' registered successfully."}
{"level":20,"time":1770950258327,"env":"development","version":"2.6.5","pid":8284,"toolName":"git_pull","requestId":"RG74Q-N7OWL","timestamp":"2026-02-13T02:37:38.327Z","operation":"ToolRegistry.registerTool","msg":"Registering tool: 'git_pull'"}
{"level":30,"time":1770950258327,"env":"development","version":"2.6.5","pid":8284,"toolName":"git_pull","requestId":"RG74Q-N7OWL","timestamp":"2026-02-13T02:37:38.327Z","operation":"ToolRegistry.registerTool","msg":"Tool 'git_pull' registered successfully."}
{"level":20,"time":1770950258327,"env":"development","version":"2.6.5","pid":8284,"toolName":"git_push","requestId":"DW7YK-T3WSI","timestamp":"2026-02-13T02:37:38.327Z","operation":"ToolRegistry.registerTool","msg":"Registering tool: 'git_push'"}
{"level":30,"time":1770950258327,"env":"development","version":"2.6.5","pid":8284,"toolName":"git_push","requestId":"DW7YK-T3WSI","timestamp":"2026-02-13T02:37:38.327Z","operation":"ToolRegistry.registerTool","msg":"Tool 'git_push' registered successfully."}
{"level":20,"time":1770950258327,"env":"development","version":"2.6.5","pid":8284,"toolName":"git_rebase","requestId":"AR443-Y9OJF","timestamp":"2026-02-13T02:37:38.327Z","operation":"ToolRegistry.registerTool","msg":"Registering tool: 'git_rebase'"}
{"level":30,"time":1770950258327,"env":"development","version":"2.6.5","pid":8284,"toolName":"git_rebase","requestId":"AR443-Y9OJF","timestamp":"2026-02-13T02:37:38.327Z","operation":"ToolRegistry.registerTool","msg":"Tool 'git_rebase' registered successfully."}
{"level":20,"time":1770950258327,"env":"development","version":"2.6.5","pid":8284,"toolName":"git_reflog","requestId":"KEKBZ-RXCB2","timestamp":"2026-02-13T02:37:38.327Z","operation":"ToolRegistry.registerTool","msg":"Registering tool: 'git_reflog'"}
{"level":30,"time":1770950258327,"env":"development","version":"2.6.5","pid":8284,"toolName":"git_reflog","requestId":"KEKBZ-RXCB2","timestamp":"2026-02-13T02:37:38.327Z","operation":"ToolRegistry.registerTool","msg":"Tool 'git_reflog' registered successfully."}
{"level":20,"time":1770950258327,"env":"development","version":"2.6.5","pid":8284,"toolName":"git_remote","requestId":"RJDWU-A5GS2","timestamp":"2026-02-13T02:37:38.327Z","operation":"ToolRegistry.registerTool","msg":"Registering tool: 'git_remote'"}
{"level":30,"time":1770950258327,"env":"development","version":"2.6.5","pid":8284,"toolName":"git_remote","requestId":"RJDWU-A5GS2","timestamp":"2026-02-13T02:37:38.327Z","operation":"ToolRegistry.registerTool","msg":"Tool 'git_remote' registered successfully."}
{"level":20,"time":1770950258327,"env":"development","version":"2.6.5","pid":8284,"toolName":"git_reset","requestId":"0QGN7-PLBLA","timestamp":"2026-02-13T02:37:38.327Z","operation":"ToolRegistry.registerTool","msg":"Registering tool: 'git_reset'"}
{"level":30,"time":1770950258327,"env":"development","version":"2.6.5","pid":8284,"toolName":"git_reset","requestId":"0QGN7-PLBLA","timestamp":"2026-02-13T02:37:38.327Z","operation":"ToolRegistry.registerTool","msg":"Tool 'git_reset' registered successfully."}
{"level":20,"time":1770950258327,"env":"development","version":"2.6.5","pid":8284,"toolName":"git_set_working_dir","requestId":"RE6FX-DLY3T","timestamp":"2026-02-13T02:37:38.327Z","operation":"ToolRegistry.registerTool","msg":"Registering tool: 'git_set_working_dir'"}
{"level":30,"time":1770950258327,"env":"development","version":"2.6.5","pid":8284,"toolName":"git_set_working_dir","requestId":"RE6FX-DLY3T","timestamp":"2026-02-13T02:37:38.327Z","operation":"ToolRegistry.registerTool","msg":"Tool 'git_set_working_dir' registered successfully."}
{"level":20,"time":1770950258328,"env":"development","version":"2.6.5","pid":8284,"toolName":"git_show","requestId":"5CKTM-M48P0","timestamp":"2026-02-13T02:37:38.328Z","operation":"ToolRegistry.registerTool","msg":"Registering tool: 'git_show'"}
{"level":30,"time":1770950258328,"env":"development","version":"2.6.5","pid":8284,"toolName":"git_show","requestId":"5CKTM-M48P0","timestamp":"2026-02-13T02:37:38.328Z","operation":"ToolRegistry.registerTool","msg":"Tool 'git_show' registered successfully."}
{"level":20,"time":1770950258328,"env":"development","version":"2.6.5","pid":8284,"toolName":"git_stash","requestId":"4TPWV-BGBXK","timestamp":"2026-02-13T02:37:38.328Z","operation":"ToolRegistry.registerTool","msg":"Registering tool: 'git_stash'"}
{"level":30,"time":1770950258328,"env":"development","version":"2.6.5","pid":8284,"toolName":"git_stash","requestId":"4TPWV-BGBXK","timestamp":"2026-02-13T02:37:38.328Z","operation":"ToolRegistry.registerTool","msg":"Tool 'git_stash' registered successfully."}
{"level":20,"time":1770950258328,"env":"development","version":"2.6.5","pid":8284,"toolName":"git_status","requestId":"442GX-4QMRW","timestamp":"2026-02-13T02:37:38.328Z","operation":"ToolRegistry.registerTool","msg":"Registering tool: 'git_status'"}
{"level":30,"time":1770950258328,"env":"development","version":"2.6.5","pid":8284,"toolName":"git_status","requestId":"442GX-4QMRW","timestamp":"2026-02-13T02:37:38.328Z","operation":"ToolRegistry.registerTool","msg":"Tool 'git_status' registered successfully."}
{"level":20,"time":1770950258328,"env":"development","version":"2.6.5","pid":8284,"toolName":"git_tag","requestId":"J0A3G-4XGOZ","timestamp":"2026-02-13T02:37:38.328Z","operation":"ToolRegistry.registerTool","msg":"Registering tool: 'git_tag'"}
{"level":30,"time":1770950258328,"env":"development","version":"2.6.5","pid":8284,"toolName":"git_tag","requestId":"J0A3G-4XGOZ","timestamp":"2026-02-13T02:37:38.328Z","operation":"ToolRegistry.registerTool","msg":"Tool 'git_tag' registered successfully."}
{"level":20,"time":1770950258328,"env":"development","version":"2.6.5","pid":8284,"toolName":"git_worktree","requestId":"LCWEO-LCZ24","timestamp":"2026-02-13T02:37:38.328Z","operation":"ToolRegistry.registerTool","msg":"Registering tool: 'git_worktree'"}
{"level":30,"time":1770950258328,"env":"development","version":"2.6.5","pid":8284,"toolName":"git_worktree","requestId":"LCWEO-LCZ24","timestamp":"2026-02-13T02:37:38.328Z","operation":"ToolRegistry.registerTool","msg":"Tool 'git_worktree' registered successfully."}
{"level":20,"time":1770950258328,"env":"development","version":"2.6.5","pid":8284,"toolName":"git_wrapup_instructions","requestId":"FIHH6-LX6UX","timestamp":"2026-02-13T02:37:38.328Z","operation":"ToolRegistry.registerTool","msg":"Registering tool: 'git_wrapup_instructions'"}
{"level":30,"time":1770950258328,"env":"development","version":"2.6.5","pid":8284,"toolName":"git_wrapup_instructions","requestId":"FIHH6-LX6UX","timestamp":"2026-02-13T02:37:38.328Z","operation":"ToolRegistry.registerTool","msg":"Tool 'git_wrapup_instructions' registered successfully."}
{"level":30,"time":1770950258328,"env":"development","version":"2.6.5","pid":8284,"requestId":"VOOYH-W36IP","timestamp":"2026-02-13T02:37:38.328Z","operation":"ResourceRegistry.registerAll","msg":"Registering 1 resource(s)..."}
{"level":30,"time":1770950258328,"env":"development","version":"2.6.5","pid":8284,"requestId":"7K7HD-KKL95","timestamp":"2026-02-13T02:37:38.328Z","resourceName":"git-working-directory","operation":"RegisterResource","msg":"Registering resource: 'git-working-directory'"}
{"level":30,"time":1770950258329,"env":"development","version":"2.6.5","pid":8284,"requestId":"7K7HD-KKL95","timestamp":"2026-02-13T02:37:38.328Z","resourceName":"git-working-directory","operation":"RegisterResource","msg":"Resource 'git-working-directory' registered successfully."}
{"level":20,"time":1770950258329,"env":"development","version":"2.6.5","pid":8284,"requestId":"HH0H1-7WARG","timestamp":"2026-02-13T02:37:38.329Z","operation":"PromptRegistry.registerAll","msg":"Registering 1 prompts..."}
{"level":20,"time":1770950258329,"env":"development","version":"2.6.5","pid":8284,"requestId":"HH0H1-7WARG","timestamp":"2026-02-13T02:37:38.329Z","operation":"PromptRegistry.registerAll","msg":"Registering prompt: git_wrapup"}
{"level":30,"time":1770950258330,"env":"development","version":"2.6.5","pid":8284,"requestId":"HH0H1-7WARG","timestamp":"2026-02-13T02:37:38.329Z","operation":"PromptRegistry.registerAll","msg":"Registered prompt: git_wrapup"}
{"level":30,"time":1770950258330,"env":"development","version":"2.6.5","pid":8284,"requestId":"HH0H1-7WARG","timestamp":"2026-02-13T02:37:38.329Z","operation":"PromptRegistry.registerAll","msg":"Successfully registered 1 prompts"}
{"level":20,"time":1770950258330,"env":"development","version":"2.6.5","pid":8284,"requestId":"JC87Z-SQPG3","timestamp":"2026-02-13T02:37:38.330Z","operation":"RootsRegistry.registerAll","msg":"Roots capability enabled (client-provided roots)"}
{"level":30,"time":1770950258330,"env":"development","version":"2.6.5","pid":8284,"requestId":"JC87Z-SQPG3","timestamp":"2026-02-13T02:37:38.330Z","operation":"RootsRegistry.registerAll","msg":"Roots capability registered successfully"}
{"level":30,"time":1770950258330,"env":"development","version":"2.6.5","pid":8284,"requestId":"A35RH-8LNTU","timestamp":"2026-02-13T02:37:38.317Z","operation":"createMcpServerInstance","msg":"All MCP capabilities registered successfully"}
{"level":30,"time":1770950258330,"env":"development","version":"2.6.5","pid":8284,"transport":"stdio","requestId":"C3UU0-OTYWY","timestamp":"2026-02-13T02:37:38.317Z","operation":"connectStdioTransport","transportType":"Stdio","msg":"Attempting to connect stdio transport..."}
{"level":20,"time":1770950258330,"env":"development","version":"2.6.5","pid":8284,"transport":"stdio","requestId":"C3UU0-OTYWY","timestamp":"2026-02-13T02:37:38.317Z","operation":"connectStdioTransport","transportType":"Stdio","msg":"Creating StdioServerTransport instance..."}
{"level":20,"time":1770950258330,"env":"development","version":"2.6.5","pid":8284,"transport":"stdio","requestId":"C3UU0-OTYWY","timestamp":"2026-02-13T02:37:38.317Z","operation":"connectStdioTransport","transportType":"Stdio","msg":"Connecting McpServer instance to StdioServerTransport..."}
{"level":30,"time":1770950258330,"env":"development","version":"2.6.5","pid":8284,"transport":"stdio","requestId":"C3UU0-OTYWY","timestamp":"2026-02-13T02:37:38.317Z","operation":"connectStdioTransport","transportType":"Stdio","msg":"MCP Server connected and listening via stdio transport."}
{"level":30,"time":1770950258330,"env":"development","version":"2.6.5","pid":8284,"applicationName":"@cyanheads/git-mcp-server","applicationVersion":"2.6.5","nodeEnvironment":"development","requestId":"B4I9C-U5Q3K","timestamp":"2026-02-13T02:37:38.316Z","operation":"ServerStartup","msg":"@cyanheads/git-mcp-server is now running and ready."}
{"level":30,"time":1770950278145,"env":"development","version":"2.6.5","pid":5088,"requestId":"ONH1J-4BRR6","timestamp":"2026-02-13T02:37:58.143Z","operation":"loggerInit","msg":"Logger initialized. MCP level: debug."}
{"level":30,"time":1770950278146,"env":"development","version":"2.6.5","pid":5088,"requestId":"TUAS7-JLK1K","timestamp":"2026-02-13T02:37:58.146Z","operation":"LoggerInit","msg":"Logger initialized. Effective MCP logging level: debug."}
{"level":30,"time":1770950278146,"env":"development","version":"2.6.5","pid":5088,"runtime":"node","runtimeVersion":"Node.js 25.6.1","requestId":"IUTS1-0HJ74","timestamp":"2026-02-13T02:37:58.146Z","operation":"RuntimeDetection","msg":"Runtime detected: Node.js 25.6.1"}
{"level":30,"time":1770950278146,"env":"development","version":"2.6.5","pid":5088,"requestId":"QA30P-CEI0P","timestamp":"2026-02-13T02:37:58.146Z","operation":"StorageInit","msg":"Storage service initialized with provider: in-memory"}
{"level":30,"time":1770950278147,"env":"development","version":"2.6.5","pid":5088,"applicationName":"@cyanheads/git-mcp-server","applicationVersion":"2.6.5","nodeEnvironment":"development","requestId":"HSP2W-M5X2N","timestamp":"2026-02-13T02:37:58.147Z","operation":"ServerStartup","msg":"Starting @cyanheads/git-mcp-server (v2.6.5)..."}
{"level":30,"time":1770950278147,"env":"development","version":"2.6.5","pid":5088,"transport":"stdio","requestId":"46B8M-TC09Z","timestamp":"2026-02-13T02:37:58.147Z","operation":"TransportManager.start","msg":"Starting transport: stdio"}
{"level":30,"time":1770950278147,"env":"development","version":"2.6.5","pid":5088,"requestId":"DYK5M-MHQC4","timestamp":"2026-02-13T02:37:58.147Z","operation":"createMcpServerInstance","msg":"Initializing MCP server instance"}
{"level":20,"time":1770950278147,"env":"development","version":"2.6.5","pid":5088,"requestId":"G1LRW-B9BMP","timestamp":"2026-02-13T02:37:58.147Z","newConfigState":{"appName":"@cyanheads/git-mcp-server","appVersion":"2.6.5","environment":"development"},"operation":"RequestContextService.configure","msg":"RequestContextService configuration updated"}
{"level":20,"time":1770950278152,"env":"development","version":"2.6.5","pid":5088,"requestId":"DYK5M-MHQC4","timestamp":"2026-02-13T02:37:58.147Z","operation":"createMcpServerInstance","msg":"Registering all MCP capabilities via registries..."}
{"level":30,"time":1770950278152,"env":"development","version":"2.6.5","pid":5088,"requestId":"2X9KO-WM6SY","timestamp":"2026-02-13T02:37:58.152Z","operation":"ToolRegistry.registerAll","msg":"Registering 27 tool(s)..."}
{"level":20,"time":1770950278153,"env":"development","version":"2.6.5","pid":5088,"toolName":"git_add","requestId":"IRB9I-U4Y1N","timestamp":"2026-02-13T02:37:58.153Z","operation":"ToolRegistry.registerTool","msg":"Registering tool: 'git_add'"}
{"level":30,"time":1770950278154,"env":"development","version":"2.6.5","pid":5088,"toolName":"git_add","requestId":"IRB9I-U4Y1N","timestamp":"2026-02-13T02:37:58.153Z","operation":"ToolRegistry.registerTool","msg":"Tool 'git_add' registered successfully."}
{"level":20,"time":1770950278154,"env":"development","version":"2.6.5","pid":5088,"toolName":"git_blame","requestId":"9TGR9-K4RSK","timestamp":"2026-02-13T02:37:58.154Z","operation":"ToolRegistry.registerTool","msg":"Registering tool: 'git_blame'"}
{"level":30,"time":1770950278154,"env":"development","version":"2.6.5","pid":5088,"toolName":"git_blame","requestId":"9TGR9-K4RSK","timestamp":"2026-02-13T02:37:58.154Z","operation":"ToolRegistry.registerTool","msg":"Tool 'git_blame' registered successfully."}
{"level":20,"time":1770950278154,"env":"development","version":"2.6.5","pid":5088,"toolName":"git_branch","requestId":"9BGCT-7CAV9","timestamp":"2026-02-13T02:37:58.154Z","operation":"ToolRegistry.registerTool","msg":"Registering tool: 'git_branch'"}
{"level":30,"time":1770950278154,"env":"development","version":"2.6.5","pid":5088,"toolName":"git_branch","requestId":"9BGCT-7CAV9","timestamp":"2026-02-13T02:37:58.154Z","operation":"ToolRegistry.registerTool","msg":"Tool 'git_branch' registered successfully."}
{"level":20,"time":1770950278154,"env":"development","version":"2.6.5","pid":5088,"toolName":"git_checkout","requestId":"S66GV-IDVT7","timestamp":"2026-02-13T02:37:58.154Z","operation":"ToolRegistry.registerTool","msg":"Registering tool: 'git_checkout'"}
{"level":30,"time":1770950278154,"env":"development","version":"2.6.5","pid":5088,"toolName":"git_checkout","requestId":"S66GV-IDVT7","timestamp":"2026-02-13T02:37:58.154Z","operation":"ToolRegistry.registerTool","msg":"Tool 'git_checkout' registered successfully."}
{"level":20,"time":1770950278154,"env":"development","version":"2.6.5","pid":5088,"toolName":"git_cherry_pick","requestId":"STF6S-1R5LQ","timestamp":"2026-02-13T02:37:58.154Z","operation":"ToolRegistry.registerTool","msg":"Registering tool: 'git_cherry_pick'"}
{"level":30,"time":1770950278155,"env":"development","version":"2.6.5","pid":5088,"toolName":"git_cherry_pick","requestId":"STF6S-1R5LQ","timestamp":"2026-02-13T02:37:58.154Z","operation":"ToolRegistry.registerTool","msg":"Tool 'git_cherry_pick' registered successfully."}
{"level":20,"time":1770950278155,"env":"development","version":"2.6.5","pid":5088,"toolName":"git_clean","requestId":"WGL4E-UXLA8","timestamp":"2026-02-13T02:37:58.155Z","operation":"ToolRegistry.registerTool","msg":"Registering tool: 'git_clean'"}
{"level":30,"time":1770950278155,"env":"development","version":"2.6.5","pid":5088,"toolName":"git_clean","requestId":"WGL4E-UXLA8","timestamp":"2026-02-13T02:37:58.155Z","operation":"ToolRegistry.registerTool","msg":"Tool 'git_clean' registered successfully."}
{"level":20,"time":1770950278155,"env":"development","version":"2.6.5","pid":5088,"toolName":"git_clear_working_dir","requestId":"7GRU7-H7KQR","timestamp":"2026-02-13T02:37:58.155Z","operation":"ToolRegistry.registerTool","msg":"Registering tool: 'git_clear_working_dir'"}
{"level":30,"time":1770950278155,"env":"development","version":"2.6.5","pid":5088,"toolName":"git_clear_working_dir","requestId":"7GRU7-H7KQR","timestamp":"2026-02-13T02:37:58.155Z","operation":"ToolRegistry.registerTool","msg":"Tool 'git_clear_working_dir' registered successfully."}
{"level":20,"time":1770950278155,"env":"development","version":"2.6.5","pid":5088,"toolName":"git_clone","requestId":"CRB6Q-1300E","timestamp":"2026-02-13T02:37:58.155Z","operation":"ToolRegistry.registerTool","msg":"Registering tool: 'git_clone'"}
{"level":30,"time":1770950278155,"env":"development","version":"2.6.5","pid":5088,"toolName":"git_clone","requestId":"CRB6Q-1300E","timestamp":"2026-02-13T02:37:58.155Z","operation":"ToolRegistry.registerTool","msg":"Tool 'git_clone' registered successfully."}
{"level":20,"time":1770950278155,"env":"development","version":"2.6.5","pid":5088,"toolName":"git_commit","requestId":"PCASU-GAFHD","timestamp":"2026-02-13T02:37:58.155Z","operation":"ToolRegistry.registerTool","msg":"Registering tool: 'git_commit'"}
{"level":30,"time":1770950278155,"env":"development","version":"2.6.5","pid":5088,"toolName":"git_commit","requestId":"PCASU-GAFHD","timestamp":"2026-02-13T02:37:58.155Z","operation":"ToolRegistry.registerTool","msg":"Tool 'git_commit' registered successfully."}
{"level":20,"time":1770950278155,"env":"development","version":"2.6.5","pid":5088,"toolName":"git_diff","requestId":"MR7Q1-76H7X","timestamp":"2026-02-13T02:37:58.155Z","operation":"ToolRegistry.registerTool","msg":"Registering tool: 'git_diff'"}
{"level":30,"time":1770950278155,"env":"development","version":"2.6.5","pid":5088,"toolName":"git_diff","requestId":"MR7Q1-76H7X","timestamp":"2026-02-13T02:37:58.155Z","operation":"ToolRegistry.registerTool","msg":"Tool 'git_diff' registered successfully."}
{"level":20,"time":1770950278155,"env":"development","version":"2.6.5","pid":5088,"toolName":"git_fetch","requestId":"2SOKQ-VTYXC","timestamp":"2026-02-13T02:37:58.155Z","operation":"ToolRegistry.registerTool","msg":"Registering tool: 'git_fetch'"}
{"level":30,"time":1770950278155,"env":"development","version":"2.6.5","pid":5088,"toolName":"git_fetch","requestId":"2SOKQ-VTYXC","timestamp":"2026-02-13T02:37:58.155Z","operation":"ToolRegistry.registerTool","msg":"Tool 'git_fetch' registered successfully."}
{"level":20,"time":1770950278155,"env":"development","version":"2.6.5","pid":5088,"toolName":"git_init","requestId":"5VSKL-DXA7P","timestamp":"2026-02-13T02:37:58.155Z","operation":"ToolRegistry.registerTool","msg":"Registering tool: 'git_init'"}
{"level":30,"time":1770950278155,"env":"development","version":"2.6.5","pid":5088,"toolName":"git_init","requestId":"5VSKL-DXA7P","timestamp":"2026-02-13T02:37:58.155Z","operation":"ToolRegistry.registerTool","msg":"Tool 'git_init' registered successfully."}
{"level":20,"time":1770950278155,"env":"development","version":"2.6.5","pid":5088,"toolName":"git_log","requestId":"DX2VT-NQTUQ","timestamp":"2026-02-13T02:37:58.155Z","operation":"ToolRegistry.registerTool","msg":"Registering tool: 'git_log'"}
{"level":30,"time":1770950278155,"env":"development","version":"2.6.5","pid":5088,"toolName":"git_log","requestId":"DX2VT-NQTUQ","timestamp":"2026-02-13T02:37:58.155Z","operation":"ToolRegistry.registerTool","msg":"Tool 'git_log' registered successfully."}
{"level":20,"time":1770950278155,"env":"development","version":"2.6.5","pid":5088,"toolName":"git_merge","requestId":"MFSY9-3QT86","timestamp":"2026-02-13T02:37:58.155Z","operation":"ToolRegistry.registerTool","msg":"Registering tool: 'git_merge'"}
{"level":30,"time":1770950278155,"env":"development","version":"2.6.5","pid":5088,"toolName":"git_merge","requestId":"MFSY9-3QT86","timestamp":"2026-02-13T02:37:58.155Z","operation":"ToolRegistry.registerTool","msg":"Tool 'git_merge' registered successfully."}
{"level":20,"time":1770950278155,"env":"development","version":"2.6.5","pid":5088,"toolName":"git_pull","requestId":"RK1YO-KKD1R","timestamp":"2026-02-13T02:37:58.155Z","operation":"ToolRegistry.registerTool","msg":"Registering tool: 'git_pull'"}
{"level":30,"time":1770950278156,"env":"development","version":"2.6.5","pid":5088,"toolName":"git_pull","requestId":"RK1YO-KKD1R","timestamp":"2026-02-13T02:37:58.155Z","operation":"ToolRegistry.registerTool","msg":"Tool 'git_pull' registered successfully."}
{"level":20,"time":1770950278156,"env":"development","version":"2.6.5","pid":5088,"toolName":"git_push","requestId":"WNL1J-IWEUL","timestamp":"2026-02-13T02:37:58.156Z","operation":"ToolRegistry.registerTool","msg":"Registering tool: 'git_push'"}
{"level":30,"time":1770950278156,"env":"development","version":"2.6.5","pid":5088,"toolName":"git_push","requestId":"WNL1J-IWEUL","timestamp":"2026-02-13T02:37:58.156Z","operation":"ToolRegistry.registerTool","msg":"Tool 'git_push' registered successfully."}
{"level":20,"time":1770950278156,"env":"development","version":"2.6.5","pid":5088,"toolName":"git_rebase","requestId":"OVP3S-015O7","timestamp":"2026-02-13T02:37:58.156Z","operation":"ToolRegistry.registerTool","msg":"Registering tool: 'git_rebase'"}
{"level":30,"time":1770950278156,"env":"development","version":"2.6.5","pid":5088,"toolName":"git_rebase","requestId":"OVP3S-015O7","timestamp":"2026-02-13T02:37:58.156Z","operation":"ToolRegistry.registerTool","msg":"Tool 'git_rebase' registered successfully."}
{"level":20,"time":1770950278156,"env":"development","version":"2.6.5","pid":5088,"toolName":"git_reflog","requestId":"VNTXN-UEO9N","timestamp":"2026-02-13T02:37:58.156Z","operation":"ToolRegistry.registerTool","msg":"Registering tool: 'git_reflog'"}
{"level":30,"time":1770950278156,"env":"development","version":"2.6.5","pid":5088,"toolName":"git_reflog","requestId":"VNTXN-UEO9N","timestamp":"2026-02-13T02:37:58.156Z","operation":"ToolRegistry.registerTool","msg":"Tool 'git_reflog' registered successfully."}
{"level":20,"time":1770950278156,"env":"development","version":"2.6.5","pid":5088,"toolName":"git_remote","requestId":"1W5CW-SCWZH","timestamp":"2026-02-13T02:37:58.156Z","operation":"ToolRegistry.registerTool","msg":"Registering tool: 'git_remote'"}
{"level":30,"time":1770950278156,"env":"development","version":"2.6.5","pid":5088,"toolName":"git_remote","requestId":"1W5CW-SCWZH","timestamp":"2026-02-13T02:37:58.156Z","operation":"ToolRegistry.registerTool","msg":"Tool 'git_remote' registered successfully."}
{"level":20,"time":1770950278156,"env":"development","version":"2.6.5","pid":5088,"toolName":"git_reset","requestId":"7TZXJ-2W0PK","timestamp":"2026-02-13T02:37:58.156Z","operation":"ToolRegistry.registerTool","msg":"Registering tool: 'git_reset'"}
{"level":30,"time":1770950278156,"env":"development","version":"2.6.5","pid":5088,"toolName":"git_reset","requestId":"7TZXJ-2W0PK","timestamp":"2026-02-13T02:37:58.156Z","operation":"ToolRegistry.registerTool","msg":"Tool 'git_reset' registered successfully."}
{"level":20,"time":1770950278156,"env":"development","version":"2.6.5","pid":5088,"toolName":"git_set_working_dir","requestId":"LMU30-CKAML","timestamp":"2026-02-13T02:37:58.156Z","operation":"ToolRegistry.registerTool","msg":"Registering tool: 'git_set_working_dir'"}
{"level":30,"time":1770950278156,"env":"development","version":"2.6.5","pid":5088,"toolName":"git_set_working_dir","requestId":"LMU30-CKAML","timestamp":"2026-02-13T02:37:58.156Z","operation":"ToolRegistry.registerTool","msg":"Tool 'git_set_working_dir' registered successfully."}
{"level":20,"time":1770950278156,"env":"development","version":"2.6.5","pid":5088,"toolName":"git_show","requestId":"2NZOH-7YHDW","timestamp":"2026-02-13T02:37:58.156Z","operation":"ToolRegistry.registerTool","msg":"Registering tool: 'git_show'"}
{"level":30,"time":1770950278156,"env":"development","version":"2.6.5","pid":5088,"toolName":"git_show","requestId":"2NZOH-7YHDW","timestamp":"2026-02-13T02:37:58.156Z","operation":"ToolRegistry.registerTool","msg":"Tool 'git_show' registered successfully."}
{"level":20,"time":1770950278156,"env":"development","version":"2.6.5","pid":5088,"toolName":"git_stash","requestId":"7T52W-IO4IZ","timestamp":"2026-02-13T02:37:58.156Z","operation":"ToolRegistry.registerTool","msg":"Registering tool: 'git_stash'"}
{"level":30,"time":1770950278156,"env":"development","version":"2.6.5","pid":5088,"toolName":"git_stash","requestId":"7T52W-IO4IZ","timestamp":"2026-02-13T02:37:58.156Z","operation":"ToolRegistry.registerTool","msg":"Tool 'git_stash' registered successfully."}
{"level":20,"time":1770950278156,"env":"development","version":"2.6.5","pid":5088,"toolName":"git_status","requestId":"FKJFA-PZRHB","timestamp":"2026-02-13T02:37:58.156Z","operation":"ToolRegistry.registerTool","msg":"Registering tool: 'git_status'"}
{"level":30,"time":1770950278156,"env":"development","version":"2.6.5","pid":5088,"toolName":"git_status","requestId":"FKJFA-PZRHB","timestamp":"2026-02-13T02:37:58.156Z","operation":"ToolRegistry.registerTool","msg":"Tool 'git_status' registered successfully."}
{"level":20,"time":1770950278156,"env":"development","version":"2.6.5","pid":5088,"toolName":"git_tag","requestId":"7KEOZ-LJKIZ","timestamp":"2026-02-13T02:37:58.156Z","operation":"ToolRegistry.registerTool","msg":"Registering tool: 'git_tag'"}
{"level":30,"time":1770950278156,"env":"development","version":"2.6.5","pid":5088,"toolName":"git_tag","requestId":"7KEOZ-LJKIZ","timestamp":"2026-02-13T02:37:58.156Z","operation":"ToolRegistry.registerTool","msg":"Tool 'git_tag' registered successfully."}
{"level":20,"time":1770950278156,"env":"development","version":"2.6.5","pid":5088,"toolName":"git_worktree","requestId":"UHJUZ-HBQ1B","timestamp":"2026-02-13T02:37:58.156Z","operation":"ToolRegistry.registerTool","msg":"Registering tool: 'git_worktree'"}
{"level":30,"time":1770950278156,"env":"development","version":"2.6.5","pid":5088,"toolName":"git_worktree","requestId":"UHJUZ-HBQ1B","timestamp":"2026-02-13T02:37:58.156Z","operation":"ToolRegistry.registerTool","msg":"Tool 'git_worktree' registered successfully."}
{"level":20,"time":1770950278156,"env":"development","version":"2.6.5","pid":5088,"toolName":"git_wrapup_instructions","requestId":"E2V95-FV5ZZ","timestamp":"2026-02-13T02:37:58.156Z","operation":"ToolRegistry.registerTool","msg":"Registering tool: 'git_wrapup_instructions'"}
{"level":30,"time":1770950278156,"env":"development","version":"2.6.5","pid":5088,"toolName":"git_wrapup_instructions","requestId":"E2V95-FV5ZZ","timestamp":"2026-02-13T02:37:58.156Z","operation":"ToolRegistry.registerTool","msg":"Tool 'git_wrapup_instructions' registered successfully."}
{"level":30,"time":1770950278157,"env":"development","version":"2.6.5","pid":5088,"requestId":"KV49O-NF8F0","timestamp":"2026-02-13T02:37:58.157Z","operation":"ResourceRegistry.registerAll","msg":"Registering 1 resource(s)..."}
{"level":30,"time":1770950278157,"env":"development","version":"2.6.5","pid":5088,"requestId":"L74QX-CK8B8","timestamp":"2026-02-13T02:37:58.157Z","resourceName":"git-working-directory","operation":"RegisterResource","msg":"Registering resource: 'git-working-directory'"}
{"level":30,"time":1770950278157,"env":"development","version":"2.6.5","pid":5088,"requestId":"L74QX-CK8B8","timestamp":"2026-02-13T02:37:58.157Z","resourceName":"git-working-directory","operation":"RegisterResource","msg":"Resource 'git-working-directory' registered successfully."}
{"level":20,"time":1770950278158,"env":"development","version":"2.6.5","pid":5088,"requestId":"S44AU-698CR","timestamp":"2026-02-13T02:37:58.158Z","operation":"PromptRegistry.registerAll","msg":"Registering 1 prompts..."}
{"level":20,"time":1770950278158,"env":"development","version":"2.6.5","pid":5088,"requestId":"S44AU-698CR","timestamp":"2026-02-13T02:37:58.158Z","operation":"PromptRegistry.registerAll","msg":"Registering prompt: git_wrapup"}
{"level":30,"time":1770950278158,"env":"development","version":"2.6.5","pid":5088,"requestId":"S44AU-698CR","timestamp":"2026-02-13T02:37:58.158Z","operation":"PromptRegistry.registerAll","msg":"Registered prompt: git_wrapup"}
{"level":30,"time":1770950278158,"env":"development","version":"2.6.5","pid":5088,"requestId":"S44AU-698CR","timestamp":"2026-02-13T02:37:58.158Z","operation":"PromptRegistry.registerAll","msg":"Successfully registered 1 prompts"}
{"level":20,"time":1770950278158,"env":"development","version":"2.6.5","pid":5088,"requestId":"YISRF-V7EOY","timestamp":"2026-02-13T02:37:58.158Z","operation":"RootsRegistry.registerAll","msg":"Roots capability enabled (client-provided roots)"}
{"level":30,"time":1770950278158,"env":"development","version":"2.6.5","pid":5088,"requestId":"YISRF-V7EOY","timestamp":"2026-02-13T02:37:58.158Z","operation":"RootsRegistry.registerAll","msg":"Roots capability registered successfully"}
{"level":30,"time":1770950278158,"env":"development","version":"2.6.5","pid":5088,"requestId":"DYK5M-MHQC4","timestamp":"2026-02-13T02:37:58.147Z","operation":"createMcpServerInstance","msg":"All MCP capabilities registered successfully"}
{"level":30,"time":1770950278158,"env":"development","version":"2.6.5","pid":5088,"transport":"stdio","requestId":"46B8M-TC09Z","timestamp":"2026-02-13T02:37:58.147Z","operation":"connectStdioTransport","transportType":"Stdio","msg":"Attempting to connect stdio transport..."}
{"level":20,"time":1770950278158,"env":"development","version":"2.6.5","pid":5088,"transport":"stdio","requestId":"46B8M-TC09Z","timestamp":"2026-02-13T02:37:58.147Z","operation":"connectStdioTransport","transportType":"Stdio","msg":"Creating StdioServerTransport instance..."}
{"level":20,"time":1770950278159,"env":"development","version":"2.6.5","pid":5088,"transport":"stdio","requestId":"46B8M-TC09Z","timestamp":"2026-02-13T02:37:58.147Z","operation":"connectStdioTransport","transportType":"Stdio","msg":"Connecting McpServer instance to StdioServerTransport..."}
{"level":30,"time":1770950278159,"env":"development","version":"2.6.5","pid":5088,"transport":"stdio","requestId":"46B8M-TC09Z","timestamp":"2026-02-13T02:37:58.147Z","operation":"connectStdioTransport","transportType":"Stdio","msg":"MCP Server connected and listening via stdio transport."}
{"level":30,"time":1770950278159,"env":"development","version":"2.6.5","pid":5088,"applicationName":"@cyanheads/git-mcp-server","applicationVersion":"2.6.5","nodeEnvironment":"development","requestId":"HSP2W-M5X2N","timestamp":"2026-02-13T02:37:58.147Z","operation":"ServerStartup","msg":"@cyanheads/git-mcp-server is now running and ready."}
{"level":20,"time":1770950336422,"env":"development","version":"2.6.5","pid":5088,"requestId":"0F8RT-HH71A","timestamp":"2026-02-13T02:38:56.422Z","requiredScopes":["tool:git:read"],"operation":"withRequiredScopesCheck","msg":"No authentication context found. Defaulting to allowed for demonstration purposes."}
{"level":30,"time":1770950336423,"env":"development","version":"2.6.5","pid":5088,"requestId":"3PGLP-VLGEH","timestamp":"2026-02-13T02:38:56.423Z","operation":"createStorageProvider","msg":"Creating storage provider of type: in-memory"}
{"level":20,"time":1770950336423,"env":"development","version":"2.6.5","pid":5088,"signal":{},"_meta":{"progressToken":4,"claudecode/toolUseId":"toolu_01LGiM24XvUZzTEkWbh1ZXrk"},"requestId":"HEU18-PX9UL","timestamp":"2026-02-13T02:38:56.421Z","toolName":"git_status","input":{"path":"C:\\Users\\82107\\Desktop\\포폴\\my-ai-web","includeUntracked":true},"operation":"HandleToolRequest","hasStorage":true,"hasFactory":true,"msg":"Initialized tool handler dependencies"}
{"level":20,"time":1770950336423,"env":"development","version":"2.6.5","pid":5088,"signal":{},"_meta":{"progressToken":4,"claudecode/toolUseId":"toolu_01LGiM24XvUZzTEkWbh1ZXrk"},"requestId":"HEU18-PX9UL","timestamp":"2026-02-13T02:38:56.421Z","toolName":"git_status","input":{"path":"C:\\Users\\82107\\Desktop\\포폴\\my-ai-web","includeUntracked":true},"operation":"HandleToolRequest","toolInput":{"path":"C:\\Users\\82107\\Desktop\\포폴\\my-ai-web","includeUntracked":true},"msg":"Executing tool with handler factory"}
{"level":30,"time":1770950336424,"env":"development","version":"2.6.5","pid":5088,"requestId":"factory","timestamp":"1770950336424","type":"cli","version":"1.0.0","msg":"Git provider initialized"}
{"level":20,"time":1770950336424,"env":"development","version":"2.6.5","pid":5088,"signal":{},"_meta":{"progressToken":4,"claudecode/toolUseId":"toolu_01LGiM24XvUZzTEkWbh1ZXrk"},"requestId":"HEU18-PX9UL","timestamp":"2026-02-13T02:38:56.421Z","toolName":"git_status","input":{"path":"C:\\Users\\82107\\Desktop\\포폴\\my-ai-web","includeUntracked":true},"operation":"HandleToolRequest","workingDir":"C:\\Users\\82107\\Desktop\\포폴\\my-ai-web","msg":"Using provided path as working directory"}
{"level":20,"time":1770950336424,"env":"development","version":"2.6.5","pid":5088,"signal":{},"_meta":{"progressToken":4,"claudecode/toolUseId":"toolu_01LGiM24XvUZzTEkWbh1ZXrk"},"requestId":"HEU18-PX9UL","timestamp":"2026-02-13T02:38:56.421Z","toolName":"git_status","input":{"path":"C:\\Users\\82107\\Desktop\\포폴\\my-ai-web","includeUntracked":true},"operation":"HandleToolRequest","original":"C:\\Users\\82107\\Desktop\\포폴\\my-ai-web","sanitized":"C:\\Users\\82107\\Desktop\\포폴\\my-ai-web","msg":"Sanitized working directory path"}
{"level":20,"time":1770950336424,"env":"development","version":"2.6.5","pid":5088,"signal":{},"_meta":{"progressToken":4,"claudecode/toolUseId":"toolu_01LGiM24XvUZzTEkWbh1ZXrk"},"requestId":"HEU18-PX9UL","timestamp":"2026-02-13T02:38:56.421Z","toolName":"git_status","input":{"path":"C:\\Users\\82107\\Desktop\\포폴\\my-ai-web","includeUntracked":true},"operation":"HandleToolRequest","inputPath":"C:\\Users\\82107\\Desktop\\포폴\\my-ai-web","resolvedPath":"C:\\Users\\82107\\Desktop\\포폴\\my-ai-web","msg":"Resolved working directory"}
{"level":20,"time":1770950336424,"env":"development","version":"2.6.5","pid":5088,"signal":{},"_meta":{"progressToken":4,"claudecode/toolUseId":"toolu_01LGiM24XvUZzTEkWbh1ZXrk"},"requestId":"HEU18-PX9UL","timestamp":"2026-02-13T02:38:56.421Z","toolName":"git_status","input":{"path":"C:\\Users\\82107\\Desktop\\포폴\\my-ai-web","includeUntracked":true},"operation":"HandleToolRequest","provider":"cli","workingDirectory":"C:\\Users\\82107\\Desktop\\포폴\\my-ai-web","tenantId":"default-tenant","options":{"includeUntracked":true},"msg":"Starting git status"}
{"level":30,"time":1770950336488,"env":"development","version":"2.6.5","pid":5088,"signal":{},"_meta":{"progressToken":4,"claudecode/toolUseId":"toolu_01LGiM24XvUZzTEkWbh1ZXrk"},"requestId":"HEU18-PX9UL","timestamp":"2026-02-13T02:38:56.421Z","toolName":"git_status","input":{"path":"C:\\Users\\82107\\Desktop\\포폴\\my-ai-web","includeUntracked":true},"operation":"HandleToolRequest","metrics":{"durationMs":65.63,"isSuccess":false,"errorCode":"-32600","inputBytes":79,"outputBytes":0,"memory":{"rss":{"before":143020032,"after":144203776,"delta":1183744},"heapUsed":{"before":44016472,"after":44759840,"delta":743368}}},"msg":"Tool execution finished."}
{"level":50,"time":1770950336498,"env":"development","version":"2.6.5","pid":5088,"signal":{},"_meta":{"progressToken":4,"claudecode/toolUseId":"toolu_01LGiM24XvUZzTEkWbh1ZXrk"},"requestId":"HEU18-PX9UL","timestamp":"2026-02-13T02:38:56.421Z","toolName":"git_status","input":{"path":"C:\\Users\\82107\\Desktop\\포폴\\my-ai-web","includeUntracked":true},"operation":"HandleToolRequest","error":"Git status failed: Exit Code: 128\nStderr: fatal: not a git repository (or any of the parent directories): .git\n\nStdout: ","errorStack":"McpError: Git status failed: Exit Code: 128\nStderr: fatal: not a git repository (or any of the parent directories): .git\n\nStdout: \n    at mapGitError (file:///C:/Users/82107/AppData/Local/npm-cache/_npx/28a7655f837f2293/node_modules/@cyanheads/git-mcp-server/dist/index.js:168478:14)\n    at executeGitCommand (file:///C:/Users/82107/AppData/Local/npm-cache/_npx/28a7655f837f2293/node_modules/@cyanheads/git-mcp-server/dist/index.js:168622:11)\n    at process.processTicksAndRejections (node:internal/process/task_queues:104:5)\n    at async executeStatus (file:///C:/Users/82107/AppData/Local/npm-cache/_npx/28a7655f837f2293/node_modules/@cyanheads/git-mcp-server/dist/index.js:168870:20)\n    at async CliGitProvider.status (file:///C:/Users/82107/AppData/Local/npm-cache/_npx/28a7655f837f2293/node_modules/@cyanheads/git-mcp-server/dist/index.js:170244:20)\n    at async gitStatusLogic (file:///C:/Users/82107/AppData/Local/npm-cache/_npx/28a7655f837f2293/node_modules/@cyanheads/git-mcp-server/dist/index.js:187495:18)\n    at async file:///C:/Users/82107/AppData/Local/npm-cache/_npx/28a7655f837f2293/node_modules/@cyanheads/git-mcp-server/dist/index.js:117018:22\n    at async file:///C:/Users/82107/AppData/Local/npm-cache/_npx/28a7655f837f2293/node_modules/@cyanheads/git-mcp-server/dist/index.js:186692:22\n    at async McpServer.executeToolHandler (file:///C:/Users/82107/AppData/Local/npm-cache/_npx/28a7655f837f2293/node_modules/@cyanheads/git-mcp-server/dist/index.js:185731:14)\n    at async file:///C:/Users/82107/AppData/Local/npm-cache/_npx/28a7655f837f2293/node_modules/@cyanheads/git-mcp-server/dist/index.js:185650:24","inputKeys":["path","includeUntracked"],"msg":"Tool execution failed"}
{"level":50,"time":1770950336499,"env":"development","version":"2.6.5","pid":5088,"requestId":"HEU18-PX9UL","timestamp":"2026-02-13T02:38:56.421Z","operation":"HandleToolRequest","input":{"path":"C:\\Users\\82107\\Desktop\\포폴\\my-ai-web","includeUntracked":true},"critical":false,"errorCode":-32600,"originalErrorType":"McpError","finalErrorType":"McpError","signal":{},"_meta":{"progressToken":4,"claudecode/toolUseId":"toolu_01LGiM24XvUZzTEkWbh1ZXrk"},"toolName":"git_status","errorData":{"cause":{},"signal":{},"_meta":{"progressToken":4,"claudecode/toolUseId":"toolu_01LGiM24XvUZzTEkWbh1ZXrk"},"requestId":"HEU18-PX9UL","timestamp":"2026-02-13T02:38:56.421Z","toolName":"git_status","input":{"path":"C:\\Users\\82107\\Desktop\\포폴\\my-ai-web","includeUntracked":true},"operation":"HandleToolRequest","originalErrorName":"McpError","originalMessage":"Git status failed: Exit Code: 128\nStderr: fatal: not a git repository (or any of the parent directories): .git\n\nStdout: ","originalStack":"McpError: Git status failed: Exit Code: 128\nStderr: fatal: not a git repository (or any of the parent directories): .git\n\nStdout: \n    at mapGitError (file:///C:/Users/82107/AppData/Local/npm-cache/_npx/28a7655f837f2293/node_modules/@cyanheads/git-mcp-server/dist/index.js:168478:14)\n    at executeGitCommand (file:///C:/Users/82107/AppData/Local/npm-cache/_npx/28a7655f837f2293/node_modules/@cyanheads/git-mcp-server/dist/index.js:168622:11)\n    at process.processTicksAndRejections (node:internal/process/task_queues:104:5)\n    at async executeStatus (file:///C:/Users/82107/AppData/Local/npm-cache/_npx/28a7655f837f2293/node_modules/@cyanheads/git-mcp-server/dist/index.js:168870:20)\n    at async CliGitProvider.status (file:///C:/Users/82107/AppData/Local/npm-cache/_npx/28a7655f837f2293/node_modules/@cyanheads/git-mcp-server/dist/index.js:170244:20)\n    at async gitStatusLogic (file:///C:/Users/82107/AppData/Local/npm-cache/_npx/28a7655f837f2293/node_modules/@cyanheads/git-mcp-server/dist/index.js:187495:18)\n    at async file:///C:/Users/82107/AppData/Local/npm-cache/_npx/28a7655f837f2293/node_modules/@cyanheads/git-mcp-server/dist/index.js:117018:22\n    at async file:///C:/Users/82107/AppData/Local/npm-cache/_npx/28a7655f837f2293/node_modules/@cyanheads/git-mcp-server/dist/index.js:186692:22\n    at async McpServer.executeToolHandler (file:///C:/Users/82107/AppData/Local/npm-cache/_npx/28a7655f837f2293/node_modules/@cyanheads/git-mcp-server/dist/index.js:185731:14)\n    at async file:///C:/Users/82107/AppData/Local/npm-cache/_npx/28a7655f837f2293/node_modules/@cyanheads/git-mcp-server/dist/index.js:185650:24","rootCause":{"name":"McpError","message":"Git status failed: Exit Code: 128\nStderr: fatal: not a git repository (or any of the parent directories): .git\n\nStdout: "}},"stack":"McpError: Git status failed: Exit Code: 128\nStderr: fatal: not a git repository (or any of the parent directories): .git\n\nStdout: \n    at ErrorHandler.handleError (file:///C:/Users/82107/AppData/Local/npm-cache/_npx/28a7655f837f2293/node_modules/@cyanheads/git-mcp-server/dist/index.js:116797:57)\n    at file:///C:/Users/82107/AppData/Local/npm-cache/_npx/28a7655f837f2293/node_modules/@cyanheads/git-mcp-server/dist/index.js:186705:37\n    at process.processTicksAndRejections (node:internal/process/task_queues:104:5)\n    at async McpServer.executeToolHandler (file:///C:/Users/82107/AppData/Local/npm-cache/_npx/28a7655f837f2293/node_modules/@cyanheads/git-mcp-server/dist/index.js:185731:14)\n    at async file:///C:/Users/82107/AppData/Local/npm-cache/_npx/28a7655f837f2293/node_modules/@cyanheads/git-mcp-server/dist/index.js:185650:24\n    at async wrappedHandler (file:///C:/Users/82107/AppData/Local/npm-cache/_npx/28a7655f837f2293/node_modules/@cyanheads/git-mcp-server/dist/index.js:184985:24)","msg":"Error in tool:git_status: Git status failed: Exit Code: 128\nStderr: fatal: not a git repository (or any of the parent directories): .git\n\nStdout: "}
{"level":20,"time":1770950365826,"env":"development","version":"2.6.5","pid":5088,"requestId":"WR84U-ZS6OX","timestamp":"2026-02-13T02:39:25.826Z","requiredScopes":["tool:git:write"],"operation":"withRequiredScopesCheck","msg":"No authentication context found. Defaulting to allowed for demonstration purposes."}
{"level":20,"time":1770950365826,"env":"development","version":"2.6.5","pid":5088,"signal":{},"_meta":{"progressToken":5,"claudecode/toolUseId":"toolu_0192iQ1FNJDThHifz8jHfXAf"},"requestId":"8I6EG-KVP1S","timestamp":"2026-02-13T02:39:25.826Z","toolName":"git_init","input":{"path":"C:\\Users\\82107\\Desktop\\포폴\\my-ai-web","initialBranch":"main","bare":false},"operation":"HandleToolRequest","hasStorage":true,"hasFactory":true,"msg":"Initialized tool handler dependencies"}
{"level":20,"time":1770950365826,"env":"development","version":"2.6.5","pid":5088,"signal":{},"_meta":{"progressToken":5,"claudecode/toolUseId":"toolu_0192iQ1FNJDThHifz8jHfXAf"},"requestId":"8I6EG-KVP1S","timestamp":"2026-02-13T02:39:25.826Z","toolName":"git_init","input":{"path":"C:\\Users\\82107\\Desktop\\포폴\\my-ai-web","initialBranch":"main","bare":false},"operation":"HandleToolRequest","toolInput":{"path":"C:\\Users\\82107\\Desktop\\포폴\\my-ai-web","initialBranch":"main","bare":false},"msg":"Executing tool with handler factory"}
{"level":20,"time":1770950365826,"env":"development","version":"2.6.5","pid":5088,"requestId":"factory","timestamp":"1770950365826","type":"cli","msg":"Using cached git provider"}
{"level":20,"time":1770950365826,"env":"development","version":"2.6.5","pid":5088,"signal":{},"_meta":{"progressToken":5,"claudecode/toolUseId":"toolu_0192iQ1FNJDThHifz8jHfXAf"},"requestId":"8I6EG-KVP1S","timestamp":"2026-02-13T02:39:25.826Z","toolName":"git_init","input":{"path":"C:\\Users\\82107\\Desktop\\포폴\\my-ai-web","initialBranch":"main","bare":false},"operation":"HandleToolRequest","workingDir":"C:\\Users\\82107\\Desktop\\포폴\\my-ai-web","msg":"Using provided path as working directory"}
{"level":20,"time":1770950365827,"env":"development","version":"2.6.5","pid":5088,"signal":{},"_meta":{"progressToken":5,"claudecode/toolUseId":"toolu_0192iQ1FNJDThHifz8jHfXAf"},"requestId":"8I6EG-KVP1S","timestamp":"2026-02-13T02:39:25.826Z","toolName":"git_init","input":{"path":"C:\\Users\\82107\\Desktop\\포폴\\my-ai-web","initialBranch":"main","bare":false},"operation":"HandleToolRequest","original":"C:\\Users\\82107\\Desktop\\포폴\\my-ai-web","sanitized":"C:\\Users\\82107\\Desktop\\포폴\\my-ai-web","msg":"Sanitized working directory path"}
{"level":20,"time":1770950365827,"env":"development","version":"2.6.5","pid":5088,"signal":{},"_meta":{"progressToken":5,"claudecode/toolUseId":"toolu_0192iQ1FNJDThHifz8jHfXAf"},"requestId":"8I6EG-KVP1S","timestamp":"2026-02-13T02:39:25.826Z","toolName":"git_init","input":{"path":"C:\\Users\\82107\\Desktop\\포폴\\my-ai-web","initialBranch":"main","bare":false},"operation":"HandleToolRequest","inputPath":"C:\\Users\\82107\\Desktop\\포폴\\my-ai-web","resolvedPath":"C:\\Users\\82107\\Desktop\\포폴\\my-ai-web","msg":"Resolved working directory"}
{"level":20,"time":1770950365827,"env":"development","version":"2.6.5","pid":5088,"signal":{},"_meta":{"progressToken":5,"claudecode/toolUseId":"toolu_0192iQ1FNJDThHifz8jHfXAf"},"requestId":"8I6EG-KVP1S","timestamp":"2026-02-13T02:39:25.826Z","toolName":"git_init","input":{"path":"C:\\Users\\82107\\Desktop\\포폴\\my-ai-web","initialBranch":"main","bare":false},"operation":"HandleToolRequest","provider":"cli","workingDirectory":"C:\\Users\\82107\\Desktop\\포폴\\my-ai-web","tenantId":"default-tenant","options":{"path":"C:\\Users\\82107\\Desktop\\포폴\\my-ai-web","bare":false,"initialBranch":"main"},"msg":"Starting git init"}
{"level":30,"time":1770950365919,"env":"development","version":"2.6.5","pid":5088,"signal":{},"_meta":{"progressToken":5,"claudecode/toolUseId":"toolu_0192iQ1FNJDThHifz8jHfXAf"},"requestId":"8I6EG-KVP1S","timestamp":"2026-02-13T02:39:25.826Z","toolName":"git_init","input":{"path":"C:\\Users\\82107\\Desktop\\포폴\\my-ai-web","initialBranch":"main","bare":false},"operation":"HandleToolRequest","provider":"cli","workingDirectory":"C:\\Users\\82107\\Desktop\\포폴\\my-ai-web","tenantId":"default-tenant","result":{"path":"C:\\Users\\82107\\Desktop\\포폴\\my-ai-web"},"msg":"Git init completed successfully"}
{"level":30,"time":1770950365919,"env":"development","version":"2.6.5","pid":5088,"signal":{},"_meta":{"progressToken":5,"claudecode/toolUseId":"toolu_0192iQ1FNJDThHifz8jHfXAf"},"requestId":"8I6EG-KVP1S","timestamp":"2026-02-13T02:39:25.826Z","toolName":"git_init","input":{"path":"C:\\Users\\82107\\Desktop\\포폴\\my-ai-web","initialBranch":"main","bare":false},"operation":"HandleToolRequest","metrics":{"durationMs":92.92,"isSuccess":true,"inputBytes":91,"outputBytes":108,"memory":{"rss":{"before":146857984,"after":147456000,"delta":598016},"heapUsed":{"before":45727744,"after":46268304,"delta":540560}}},"msg":"Tool execution finished."}
{"level":20,"time":1770950392655,"env":"development","version":"2.6.5","pid":5088,"requestId":"B3NBH-C8SSW","timestamp":"2026-02-13T02:39:52.655Z","requiredScopes":["tool:git:write"],"operation":"withRequiredScopesCheck","msg":"No authentication context found. Defaulting to allowed for demonstration purposes."}
{"level":20,"time":1770950392655,"env":"development","version":"2.6.5","pid":5088,"signal":{},"_meta":{"progressToken":6,"claudecode/toolUseId":"toolu_019XLUjbf6tLBwvdvx96KE3n"},"requestId":"Q76CS-OZ7BP","timestamp":"2026-02-13T02:39:52.655Z","toolName":"git_add","input":{"path":"C:\\Users\\82107\\Desktop\\포폴\\my-ai-web","files":["."],"update":false,"all":false,"force":false},"operation":"HandleToolRequest","hasStorage":true,"hasFactory":true,"msg":"Initialized tool handler dependencies"}
{"level":20,"time":1770950392655,"env":"development","version":"2.6.5","pid":5088,"signal":{},"_meta":{"progressToken":6,"claudecode/toolUseId":"toolu_019XLUjbf6tLBwvdvx96KE3n"},"requestId":"Q76CS-OZ7BP","timestamp":"2026-02-13T02:39:52.655Z","toolName":"git_add","input":{"path":"C:\\Users\\82107\\Desktop\\포폴\\my-ai-web","files":["."],"update":false,"all":false,"force":false},"operation":"HandleToolRequest","toolInput":{"path":"C:\\Users\\82107\\Desktop\\포폴\\my-ai-web","files":["."],"update":false,"all":false,"force":false},"msg":"Executing tool with handler factory"}
{"level":20,"time":1770950392655,"env":"development","version":"2.6.5","pid":5088,"requestId":"factory","timestamp":"1770950392655","type":"cli","msg":"Using cached git provider"}
{"level":20,"time":1770950392655,"env":"development","version":"2.6.5","pid":5088,"signal":{},"_meta":{"progressToken":6,"claudecode/toolUseId":"toolu_019XLUjbf6tLBwvdvx96KE3n"},"requestId":"Q76CS-OZ7BP","timestamp":"2026-02-13T02:39:52.655Z","toolName":"git_add","input":{"path":"C:\\Users\\82107\\Desktop\\포폴\\my-ai-web","files":["."],"update":false,"all":false,"force":false},"operation":"HandleToolRequest","workingDir":"C:\\Users\\82107\\Desktop\\포폴\\my-ai-web","msg":"Using provided path as working directory"}
{"level":20,"time":1770950392655,"env":"development","version":"2.6.5","pid":5088,"signal":{},"_meta":{"progressToken":6,"claudecode/toolUseId":"toolu_019XLUjbf6tLBwvdvx96KE3n"},"requestId":"Q76CS-OZ7BP","timestamp":"2026-02-13T02:39:52.655Z","toolName":"git_add","input":{"path":"C:\\Users\\82107\\Desktop\\포폴\\my-ai-web","files":["."],"update":false,"all":false,"force":false},"operation":"HandleToolRequest","original":"C:\\Users\\82107\\Desktop\\포폴\\my-ai-web","sanitized":"C:\\Users\\82107\\Desktop\\포폴\\my-ai-web","msg":"Sanitized working directory path"}
{"level":20,"time":1770950392655,"env":"development","version":"2.6.5","pid":5088,"signal":{},"_meta":{"progressToken":6,"claudecode/toolUseId":"toolu_019XLUjbf6tLBwvdvx96KE3n"},"requestId":"Q76CS-OZ7BP","timestamp":"2026-02-13T02:39:52.655Z","toolName":"git_add","input":{"path":"C:\\Users\\82107\\Desktop\\포폴\\my-ai-web","files":["."],"update":false,"all":false,"force":false},"operation":"HandleToolRequest","inputPath":"C:\\Users\\82107\\Desktop\\포폴\\my-ai-web","resolvedPath":"C:\\Users\\82107\\Desktop\\포폴\\my-ai-web","msg":"Resolved working directory"}
{"level":20,"time":1770950392656,"env":"development","version":"2.6.5","pid":5088,"signal":{},"_meta":{"progressToken":6,"claudecode/toolUseId":"toolu_019XLUjbf6tLBwvdvx96KE3n"},"requestId":"Q76CS-OZ7BP","timestamp":"2026-02-13T02:39:52.655Z","toolName":"git_add","input":{"path":"C:\\Users\\82107\\Desktop\\포폴\\my-ai-web","files":["."],"update":false,"all":false,"force":false},"operation":"HandleToolRequest","provider":"cli","workingDirectory":"C:\\Users\\82107\\Desktop\\포폴\\my-ai-web","tenantId":"default-tenant","options":{"paths":["."],"update":false,"all":false,"force":false},"msg":"Starting git add"}
{"level":30,"time":1770950392797,"env":"development","version":"2.6.5","pid":5088,"signal":{},"_meta":{"progressToken":6,"claudecode/toolUseId":"toolu_019XLUjbf6tLBwvdvx96KE3n"},"requestId":"Q76CS-OZ7BP","timestamp":"2026-02-13T02:39:52.655Z","toolName":"git_add","input":{"path":"C:\\Users\\82107\\Desktop\\포폴\\my-ai-web","files":["."],"update":false,"all":false,"force":false},"operation":"HandleToolRequest","provider":"cli","workingDirectory":"C:\\Users\\82107\\Desktop\\포폴\\my-ai-web","tenantId":"default-tenant","result":{"filesStaged":1},"msg":"Git add completed successfully"}
{"level":20,"time":1770950392797,"env":"development","version":"2.6.5","pid":5088,"signal":{},"_meta":{"progressToken":6,"claudecode/toolUseId":"toolu_019XLUjbf6tLBwvdvx96KE3n"},"requestId":"Q76CS-OZ7BP","timestamp":"2026-02-13T02:39:52.655Z","toolName":"git_add","input":{"path":"C:\\Users\\82107\\Desktop\\포폴\\my-ai-web","files":["."],"update":false,"all":false,"force":false},"operation":"HandleToolRequest","provider":"cli","workingDirectory":"C:\\Users\\82107\\Desktop\\포폴\\my-ai-web","tenantId":"default-tenant","options":{"includeUntracked":true},"msg":"Starting git status"}
{"level":30,"time":1770950392863,"env":"development","version":"2.6.5","pid":5088,"signal":{},"_meta":{"progressToken":6,"claudecode/toolUseId":"toolu_019XLUjbf6tLBwvdvx96KE3n"},"requestId":"Q76CS-OZ7BP","timestamp":"2026-02-13T02:39:52.655Z","toolName":"git_add","input":{"path":"C:\\Users\\82107\\Desktop\\포폴\\my-ai-web","files":["."],"update":false,"all":false,"force":false},"operation":"HandleToolRequest","provider":"cli","workingDirectory":"C:\\Users\\82107\\Desktop\\포폴\\my-ai-web","tenantId":"default-tenant","result":{"isClean":false},"msg":"Git status completed successfully"}
{"level":30,"time":1770950392863,"env":"development","version":"2.6.5","pid":5088,"signal":{},"_meta":{"progressToken":6,"claudecode/toolUseId":"toolu_019XLUjbf6tLBwvdvx96KE3n"},"requestId":"Q76CS-OZ7BP","timestamp":"2026-02-13T02:39:52.655Z","toolName":"git_add","input":{"path":"C:\\Users\\82107\\Desktop\\포폴\\my-ai-web","files":["."],"update":false,"all":false,"force":false},"operation":"HandleToolRequest","metrics":{"durationMs":208.06,"isSuccess":true,"inputBytes":110,"outputBytes":1281,"memory":{"rss":{"before":147619840,"after":148058112,"delta":438272},"heapUsed":{"before":46371568,"after":46635080,"delta":263512}}},"msg":"Tool execution finished."}
{"level":20,"time":1770950398682,"env":"development","version":"2.6.5","pid":5088,"requestId":"8F70L-NVAD4","timestamp":"2026-02-13T02:39:58.682Z","requiredScopes":["tool:git:write"],"operation":"withRequiredScopesCheck","msg":"No authentication context found. Defaulting to allowed for demonstration purposes."}
{"level":20,"time":1770950398682,"env":"development","version":"2.6.5","pid":5088,"signal":{},"_meta":{"progressToken":7,"claudecode/toolUseId":"toolu_01SjZqUAxyW13o1hWtN9iKQt"},"requestId":"6JXXN-HOHQP","timestamp":"2026-02-13T02:39:58.681Z","toolName":"git_commit","input":{"path":"C:\\Users\\82107\\Desktop\\포폴\\my-ai-web","message":"Initial commit: 프로젝트 초기 설정 및 파일 추가","amend":false,"allowEmpty":false,"noVerify":false,"forceUnsignedOnFailure":false},"operation":"HandleToolRequest","hasStorage":true,"hasFactory":true,"msg":"Initialized tool handler dependencies"}
{"level":20,"time":1770950398682,"env":"development","version":"2.6.5","pid":5088,"signal":{},"_meta":{"progressToken":7,"claudecode/toolUseId":"toolu_01SjZqUAxyW13o1hWtN9iKQt"},"requestId":"6JXXN-HOHQP","timestamp":"2026-02-13T02:39:58.681Z","toolName":"git_commit","input":{"path":"C:\\Users\\82107\\Desktop\\포폴\\my-ai-web","message":"Initial commit: 프로젝트 초기 설정 및 파일 추가","amend":false,"allowEmpty":false,"noVerify":false,"forceUnsignedOnFailure":false},"operation":"HandleToolRequest","toolInput":{"path":"C:\\Users\\82107\\Desktop\\포폴\\my-ai-web","message":"Initial commit: 프로젝트 초기 설정 및 파일 추가","amend":false,"allowEmpty":false,"noVerify":false,"forceUnsignedOnFailure":false},"msg":"Executing tool with handler factory"}
{"level":20,"time":1770950398682,"env":"development","version":"2.6.5","pid":5088,"requestId":"factory","timestamp":"1770950398682","type":"cli","msg":"Using cached git provider"}
{"level":20,"time":1770950398682,"env":"development","version":"2.6.5","pid":5088,"signal":{},"_meta":{"progressToken":7,"claudecode/toolUseId":"toolu_01SjZqUAxyW13o1hWtN9iKQt"},"requestId":"6JXXN-HOHQP","timestamp":"2026-02-13T02:39:58.681Z","toolName":"git_commit","input":{"path":"C:\\Users\\82107\\Desktop\\포폴\\my-ai-web","message":"Initial commit: 프로젝트 초기 설정 및 파일 추가","amend":false,"allowEmpty":false,"noVerify":false,"forceUnsignedOnFailure":false},"operation":"HandleToolRequest","workingDir":"C:\\Users\\82107\\Desktop\\포폴\\my-ai-web","msg":"Using provided path as working directory"}
{"level":20,"time":1770950398682,"env":"development","version":"2.6.5","pid":5088,"signal":{},"_meta":{"progressToken":7,"claudecode/toolUseId":"toolu_01SjZqUAxyW13o1hWtN9iKQt"},"requestId":"6JXXN-HOHQP","timestamp":"2026-02-13T02:39:58.681Z","toolName":"git_commit","input":{"path":"C:\\Users\\82107\\Desktop\\포폴\\my-ai-web","message":"Initial commit: 프로젝트 초기 설정 및 파일 추가","amend":false,"allowEmpty":false,"noVerify":false,"forceUnsignedOnFailure":false},"operation":"HandleToolRequest","original":"C:\\Users\\82107\\Desktop\\포폴\\my-ai-web","sanitized":"C:\\Users\\82107\\Desktop\\포폴\\my-ai-web","msg":"Sanitized working directory path"}
{"level":20,"time":1770950398682,"env":"development","version":"2.6.5","pid":5088,"signal":{},"_meta":{"progressToken":7,"claudecode/toolUseId":"toolu_01SjZqUAxyW13o1hWtN9iKQt"},"requestId":"6JXXN-HOHQP","timestamp":"2026-02-13T02:39:58.681Z","toolName":"git_commit","input":{"path":"C:\\Users\\82107\\Desktop\\포폴\\my-ai-web","message":"Initial commit: 프로젝트 초기 설정 및 파일 추가","amend":false,"allowEmpty":false,"noVerify":false,"forceUnsignedOnFailure":false},"operation":"HandleToolRequest","inputPath":"C:\\Users\\82107\\Desktop\\포폴\\my-ai-web","resolvedPath":"C:\\Users\\82107\\Desktop\\포폴\\my-ai-web","msg":"Resolved working directory"}
{"level":20,"time":1770950398682,"env":"development","version":"2.6.5","pid":5088,"signal":{},"_meta":{"progressToken":7,"claudecode/toolUseId":"toolu_01SjZqUAxyW13o1hWtN9iKQt"},"requestId":"6JXXN-HOHQP","timestamp":"2026-02-13T02:39:58.681Z","toolName":"git_commit","input":{"path":"C:\\Users\\82107\\Desktop\\포폴\\my-ai-web","message":"Initial commit: 프로젝트 초기 설정 및 파일 추가","amend":false,"allowEmpty":false,"noVerify":false,"forceUnsignedOnFailure":false},"operation":"HandleToolRequest","provider":"cli","workingDirectory":"C:\\Users\\82107\\Desktop\\포폴\\my-ai-web","tenantId":"default-tenant","options":{"message":"Initial commit: 프로젝트 초기 설정 및 파일 추가"},"msg":"Starting git commit"}
{"level":30,"time":1770950398952,"env":"development","version":"2.6.5","pid":5088,"signal":{},"_meta":{"progressToken":7,"claudecode/toolUseId":"toolu_01SjZqUAxyW13o1hWtN9iKQt"},"requestId":"6JXXN-HOHQP","timestamp":"2026-02-13T02:39:58.681Z","toolName":"git_commit","input":{"path":"C:\\Users\\82107\\Desktop\\포폴\\my-ai-web","message":"Initial commit: 프로젝트 초기 설정 및 파일 추가","amend":false,"allowEmpty":false,"noVerify":false,"forceUnsignedOnFailure":false},"operation":"HandleToolRequest","provider":"cli","workingDirectory":"C:\\Users\\82107\\Desktop\\포폴\\my-ai-web","tenantId":"default-tenant","result":{"hash":"4c14f9d958bc576b9c500d5f862fa4cd6805ac83"},"msg":"Git commit completed successfully"}
{"level":20,"time":1770950398952,"env":"development","version":"2.6.5","pid":5088,"signal":{},"_meta":{"progressToken":7,"claudecode/toolUseId":"toolu_01SjZqUAxyW13o1hWtN9iKQt"},"requestId":"6JXXN-HOHQP","timestamp":"2026-02-13T02:39:58.681Z","toolName":"git_commit","input":{"path":"C:\\Users\\82107\\Desktop\\포폴\\my-ai-web","message":"Initial commit: 프로젝트 초기 설정 및 파일 추가","amend":false,"allowEmpty":false,"noVerify":false,"forceUnsignedOnFailure":false},"operation":"HandleToolRequest","provider":"cli","workingDirectory":"C:\\Users\\82107\\Desktop\\포폴\\my-ai-web","tenantId":"default-tenant","options":{"includeUntracked":true},"msg":"Starting git status"}
{"level":30,"time":1770950399017,"env":"development","version":"2.6.5","pid":5088,"signal":{},"_meta":{"progressToken":7,"claudecode/toolUseId":"toolu_01SjZqUAxyW13o1hWtN9iKQt"},"requestId":"6JXXN-HOHQP","timestamp":"2026-02-13T02:39:58.681Z","toolName":"git_commit","input":{"path":"C:\\Users\\82107\\Desktop\\포폴\\my-ai-web","message":"Initial commit: 프로젝트 초기 설정 및 파일 추가","amend":false,"allowEmpty":false,"noVerify":false,"forceUnsignedOnFailure":false},"operation":"HandleToolRequest","provider":"cli","workingDirectory":"C:\\Users\\82107\\Desktop\\포폴\\my-ai-web","tenantId":"default-tenant","result":{"isClean":false},"msg":"Git status completed successfully"}
{"level":30,"time":1770950399017,"env":"development","version":"2.6.5","pid":5088,"signal":{},"_meta":{"progressToken":7,"claudecode/toolUseId":"toolu_01SjZqUAxyW13o1hWtN9iKQt"},"requestId":"6JXXN-HOHQP","timestamp":"2026-02-13T02:39:58.681Z","toolName":"git_commit","input":{"path":"C:\\Users\\82107\\Desktop\\포폴\\my-ai-web","message":"Initial commit: 프로젝트 초기 설정 및 파일 추가","amend":false,"allowEmpty":false,"noVerify":false,"forceUnsignedOnFailure":false},"operation":"HandleToolRequest","metrics":{"durationMs":335.56,"isSuccess":true,"inputBytes":209,"outputBytes":1446,"memory":{"rss":{"before":148135936,"after":148525056,"delta":389120},"heapUsed":{"before":46037640,"after":46198488,"delta":160848}}},"msg":"Tool execution finished."}
{"level":20,"time":1770950423869,"env":"development","version":"2.6.5","pid":5088,"requestId":"NGH19-XFUF3","timestamp":"2026-02-13T02:40:23.869Z","requiredScopes":["tool:git:write"],"operation":"withRequiredScopesCheck","msg":"No authentication context found. Defaulting to allowed for demonstration purposes."}
{"level":20,"time":1770950423869,"env":"development","version":"2.6.5","pid":5088,"signal":{},"_meta":{"progressToken":8,"claudecode/toolUseId":"toolu_01WbM7jhXWPm2G7stKsF8dZN"},"requestId":"CAEUX-5LPYF","timestamp":"2026-02-13T02:40:23.869Z","toolName":"git_push","input":{"path":"C:\\Users\\82107\\Desktop\\포폴\\my-ai-web","remote":"origin","branch":"main","force":false,"forceWithLease":false,"setUpstream":true,"tags":false,"dryRun":false,"delete":false},"operation":"HandleToolRequest","hasStorage":true,"hasFactory":true,"msg":"Initialized tool handler dependencies"}
{"level":20,"time":1770950423869,"env":"development","version":"2.6.5","pid":5088,"signal":{},"_meta":{"progressToken":8,"claudecode/toolUseId":"toolu_01WbM7jhXWPm2G7stKsF8dZN"},"requestId":"CAEUX-5LPYF","timestamp":"2026-02-13T02:40:23.869Z","toolName":"git_push","input":{"path":"C:\\Users\\82107\\Desktop\\포폴\\my-ai-web","remote":"origin","branch":"main","force":false,"forceWithLease":false,"setUpstream":true,"tags":false,"dryRun":false,"delete":false},"operation":"HandleToolRequest","toolInput":{"path":"C:\\Users\\82107\\Desktop\\포폴\\my-ai-web","remote":"origin","branch":"main","force":false,"forceWithLease":false,"setUpstream":true,"tags":false,"dryRun":false,"delete":false},"msg":"Executing tool with handler factory"}
{"level":20,"time":1770950423869,"env":"development","version":"2.6.5","pid":5088,"requestId":"factory","timestamp":"1770950423869","type":"cli","msg":"Using cached git provider"}
{"level":20,"time":1770950423869,"env":"development","version":"2.6.5","pid":5088,"signal":{},"_meta":{"progressToken":8,"claudecode/toolUseId":"toolu_01WbM7jhXWPm2G7stKsF8dZN"},"requestId":"CAEUX-5LPYF","timestamp":"2026-02-13T02:40:23.869Z","toolName":"git_push","input":{"path":"C:\\Users\\82107\\Desktop\\포폴\\my-ai-web","remote":"origin","branch":"main","force":false,"forceWithLease":false,"setUpstream":true,"tags":false,"dryRun":false,"delete":false},"operation":"HandleToolRequest","workingDir":"C:\\Users\\82107\\Desktop\\포폴\\my-ai-web","msg":"Using provided path as working directory"}
{"level":20,"time":1770950423869,"env":"development","version":"2.6.5","pid":5088,"signal":{},"_meta":{"progressToken":8,"claudecode/toolUseId":"toolu_01WbM7jhXWPm2G7stKsF8dZN"},"requestId":"CAEUX-5LPYF","timestamp":"2026-02-13T02:40:23.869Z","toolName":"git_push","input":{"path":"C:\\Users\\82107\\Desktop\\포폴\\my-ai-web","remote":"origin","branch":"main","force":false,"forceWithLease":false,"setUpstream":true,"tags":false,"dryRun":false,"delete":false},"operation":"HandleToolRequest","original":"C:\\Users\\82107\\Desktop\\포폴\\my-ai-web","sanitized":"C:\\Users\\82107\\Desktop\\포폴\\my-ai-web","msg":"Sanitized working directory path"}
{"level":20,"time":1770950423869,"env":"development","version":"2.6.5","pid":5088,"signal":{},"_meta":{"progressToken":8,"claudecode/toolUseId":"toolu_01WbM7jhXWPm2G7stKsF8dZN"},"requestId":"CAEUX-5LPYF","timestamp":"2026-02-13T02:40:23.869Z","toolName":"git_push","input":{"path":"C:\\Users\\82107\\Desktop\\포폴\\my-ai-web","remote":"origin","branch":"main","force":false,"forceWithLease":false,"setUpstream":true,"tags":false,"dryRun":false,"delete":false},"operation":"HandleToolRequest","inputPath":"C:\\Users\\82107\\Desktop\\포폴\\my-ai-web","resolvedPath":"C:\\Users\\82107\\Desktop\\포폴\\my-ai-web","msg":"Resolved working directory"}
{"level":20,"time":1770950423869,"env":"development","version":"2.6.5","pid":5088,"signal":{},"_meta":{"progressToken":8,"claudecode/toolUseId":"toolu_01WbM7jhXWPm2G7stKsF8dZN"},"requestId":"CAEUX-5LPYF","timestamp":"2026-02-13T02:40:23.869Z","toolName":"git_push","input":{"path":"C:\\Users\\82107\\Desktop\\포폴\\my-ai-web","remote":"origin","branch":"main","force":false,"forceWithLease":false,"setUpstream":true,"tags":false,"dryRun":false,"delete":false},"operation":"HandleToolRequest","provider":"cli","workingDirectory":"C:\\Users\\82107\\Desktop\\포폴\\my-ai-web","tenantId":"default-tenant","options":{"remote":"origin","branch":"main","force":false,"forceWithLease":false,"setUpstream":true,"tags":false,"dryRun":false,"delete":false},"msg":"Starting git push"}
{"level":30,"time":1770950483900,"env":"development","version":"2.6.5","pid":5088,"signal":{},"_meta":{"progressToken":8,"claudecode/toolUseId":"toolu_01WbM7jhXWPm2G7stKsF8dZN"},"requestId":"CAEUX-5LPYF","timestamp":"2026-02-13T02:40:23.869Z","toolName":"git_push","input":{"path":"C:\\Users\\82107\\Desktop\\포폴\\my-ai-web","remote":"origin","branch":"main","force":false,"forceWithLease":false,"setUpstream":true,"tags":false,"dryRun":false,"delete":false},"operation":"HandleToolRequest","metrics":{"durationMs":60031.38,"isSuccess":false,"errorCode":"-32603","inputBytes":188,"outputBytes":0,"memory":{"rss":{"before":148553728,"after":148807680,"delta":253952},"heapUsed":{"before":46355424,"after":46939024,"delta":583600}}},"msg":"Tool execution finished."}
{"level":50,"time":1770950483900,"env":"development","version":"2.6.5","pid":5088,"signal":{},"_meta":{"progressToken":8,"claudecode/toolUseId":"toolu_01WbM7jhXWPm2G7stKsF8dZN"},"requestId":"CAEUX-5LPYF","timestamp":"2026-02-13T02:40:23.869Z","toolName":"git_push","input":{"path":"C:\\Users\\82107\\Desktop\\포폴\\my-ai-web","remote":"origin","branch":"main","force":false,"forceWithLease":false,"setUpstream":true,"tags":false,"dryRun":false,"delete":false},"operation":"HandleToolRequest","error":"Git push failed: Git command timed out after 60s: push origin main --set-upstream","errorStack":"McpError: Git push failed: Git command timed out after 60s: push origin main --set-upstream\n    at mapGitError (file:///C:/Users/82107/AppData/Local/npm-cache/_npx/28a7655f837f2293/node_modules/@cyanheads/git-mcp-server/dist/index.js:168486:10)\n    at executeGitCommand (file:///C:/Users/82107/AppData/Local/npm-cache/_npx/28a7655f837f2293/node_modules/@cyanheads/git-mcp-server/dist/index.js:168622:11)\n    at async executePush (file:///C:/Users/82107/AppData/Local/npm-cache/_npx/28a7655f837f2293/node_modules/@cyanheads/git-mcp-server/dist/index.js:169724:23)\n    at async CliGitProvider.push (file:///C:/Users/82107/AppData/Local/npm-cache/_npx/28a7655f837f2293/node_modules/@cyanheads/git-mcp-server/dist/index.js:170356:20)\n    at async gitPushLogic (file:///C:/Users/82107/AppData/Local/npm-cache/_npx/28a7655f837f2293/node_modules/@cyanheads/git-mcp-server/dist/index.js:188814:18)\n    at async file:///C:/Users/82107/AppData/Local/npm-cache/_npx/28a7655f837f2293/node_modules/@cyanheads/git-mcp-server/dist/index.js:117018:22\n    at async file:///C:/Users/82107/AppData/Local/npm-cache/_npx/28a7655f837f2293/node_modules/@cyanheads/git-mcp-server/dist/index.js:186692:22\n    at async McpServer.executeToolHandler (file:///C:/Users/82107/AppData/Local/npm-cache/_npx/28a7655f837f2293/node_modules/@cyanheads/git-mcp-server/dist/index.js:185731:14)\n    at async file:///C:/Users/82107/AppData/Local/npm-cache/_npx/28a7655f837f2293/node_modules/@cyanheads/git-mcp-server/dist/index.js:185650:24\n    at async wrappedHandler (file:///C:/Users/82107/AppData/Local/npm-cache/_npx/28a7655f837f2293/node_modules/@cyanheads/git-mcp-server/dist/index.js:184985:24)","inputKeys":["path","remote","branch","force","forceWithLease","setUpstream","tags","dryRun","delete"],"msg":"Tool execution failed"}
{"level":50,"time":1770950483901,"env":"development","version":"2.6.5","pid":5088,"requestId":"CAEUX-5LPYF","timestamp":"2026-02-13T02:40:23.869Z","operation":"HandleToolRequest","input":{"path":"C:\\Users\\82107\\Desktop\\포폴\\my-ai-web","remote":"origin","branch":"main","force":false,"forceWithLease":false,"setUpstream":true,"tags":false,"dryRun":false,"delete":false},"critical":false,"errorCode":-32603,"originalErrorType":"McpError","finalErrorType":"McpError","signal":{},"_meta":{"progressToken":8,"claudecode/toolUseId":"toolu_01WbM7jhXWPm2G7stKsF8dZN"},"toolName":"git_push","errorData":{"cause":{},"signal":{},"_meta":{"progressToken":8,"claudecode/toolUseId":"toolu_01WbM7jhXWPm2G7stKsF8dZN"},"requestId":"CAEUX-5LPYF","timestamp":"2026-02-13T02:40:23.869Z","toolName":"git_push","input":{"path":"C:\\Users\\82107\\Desktop\\포폴\\my-ai-web","remote":"origin","branch":"main","force":false,"forceWithLease":false,"setUpstream":true,"tags":false,"dryRun":false,"delete":false},"operation":"HandleToolRequest","originalErrorName":"McpError","originalMessage":"Git push failed: Git command timed out after 60s: push origin main --set-upstream","originalStack":"McpError: Git push failed: Git command timed out after 60s: push origin main --set-upstream\n    at mapGitError (file:///C:/Users/82107/AppData/Local/npm-cache/_npx/28a7655f837f2293/node_modules/@cyanheads/git-mcp-server/dist/index.js:168486:10)\n    at executeGitCommand (file:///C:/Users/82107/AppData/Local/npm-cache/_npx/28a7655f837f2293/node_modules/@cyanheads/git-mcp-server/dist/index.js:168622:11)\n    at async executePush (file:///C:/Users/82107/AppData/Local/npm-cache/_npx/28a7655f837f2293/node_modules/@cyanheads/git-mcp-server/dist/index.js:169724:23)\n    at async CliGitProvider.push (file:///C:/Users/82107/AppData/Local/npm-cache/_npx/28a7655f837f2293/node_modules/@cyanheads/git-mcp-server/dist/index.js:170356:20)\n    at async gitPushLogic (file:///C:/Users/82107/AppData/Local/npm-cache/_npx/28a7655f837f2293/node_modules/@cyanheads/git-mcp-server/dist/index.js:188814:18)\n    at async file:///C:/Users/82107/AppData/Local/npm-cache/_npx/28a7655f837f2293/node_modules/@cyanheads/git-mcp-server/dist/index.js:117018:22\n    at async file:///C:/Users/82107/AppData/Local/npm-cache/_npx/28a7655f837f2293/node_modules/@cyanheads/git-mcp-server/dist/index.js:186692:22\n    at async McpServer.executeToolHandler (file:///C:/Users/82107/AppData/Local/npm-cache/_npx/28a7655f837f2293/node_modules/@cyanheads/git-mcp-server/dist/index.js:185731:14)\n    at async file:///C:/Users/82107/AppData/Local/npm-cache/_npx/28a7655f837f2293/node_modules/@cyanheads/git-mcp-server/dist/index.js:185650:24\n    at async wrappedHandler (file:///C:/Users/82107/AppData/Local/npm-cache/_npx/28a7655f837f2293/node_modules/@cyanheads/git-mcp-server/dist/index.js:184985:24)","rootCause":{"name":"McpError","message":"Git push failed: Git command timed out after 60s: push origin main --set-upstream"}},"stack":"McpError: Git push failed: Git command timed out after 60s: push origin main --set-upstream\n    at ErrorHandler.handleError (file:///C:/Users/82107/AppData/Local/npm-cache/_npx/28a7655f837f2293/node_modules/@cyanheads/git-mcp-server/dist/index.js:116797:57)\n    at file:///C:/Users/82107/AppData/Local/npm-cache/_npx/28a7655f837f2293/node_modules/@cyanheads/git-mcp-server/dist/index.js:186705:37\n    at async McpServer.executeToolHandler (file:///C:/Users/82107/AppData/Local/npm-cache/_npx/28a7655f837f2293/node_modules/@cyanheads/git-mcp-server/dist/index.js:185731:14)\n    at async file:///C:/Users/82107/AppData/Local/npm-cache/_npx/28a7655f837f2293/node_modules/@cyanheads/git-mcp-server/dist/index.js:185650:24\n    at async wrappedHandler (file:///C:/Users/82107/AppData/Local/npm-cache/_npx/28a7655f837f2293/node_modules/@cyanheads/git-mcp-server/dist/index.js:184985:24)","msg":"Error in tool:git_push: Git push failed: Git command timed out after 60s: push origin main --set-upstream"}
{"level":20,"time":1770950674694,"env":"development","version":"2.6.5","pid":5088,"requestId":"U0YDK-D8DLF","timestamp":"2026-02-13T02:44:34.694Z","requiredScopes":["tool:git:read"],"operation":"withRequiredScopesCheck","msg":"No authentication context found. Defaulting to allowed for demonstration purposes."}
{"level":20,"time":1770950674694,"env":"development","version":"2.6.5","pid":5088,"signal":{},"_meta":{"progressToken":9,"claudecode/toolUseId":"toolu_01LVvc2YSrJETcMxNr2qmxLD"},"requestId":"AZ2SS-AMTNV","timestamp":"2026-02-13T02:44:34.694Z","toolName":"git_status","input":{"path":"C:\\Users\\82107\\Desktop\\포폴\\my-ai-web","includeUntracked":true},"operation":"HandleToolRequest","toolInput":{"path":"C:\\Users\\82107\\Desktop\\포폴\\my-ai-web","includeUntracked":true},"msg":"Executing tool with handler factory"}
{"level":20,"time":1770950674694,"env":"development","version":"2.6.5","pid":5088,"requestId":"factory","timestamp":"1770950674694","type":"cli","msg":"Using cached git provider"}
{"level":20,"time":1770950674694,"env":"development","version":"2.6.5","pid":5088,"signal":{},"_meta":{"progressToken":9,"claudecode/toolUseId":"toolu_01LVvc2YSrJETcMxNr2qmxLD"},"requestId":"AZ2SS-AMTNV","timestamp":"2026-02-13T02:44:34.694Z","toolName":"git_status","input":{"path":"C:\\Users\\82107\\Desktop\\포폴\\my-ai-web","includeUntracked":true},"operation":"HandleToolRequest","workingDir":"C:\\Users\\82107\\Desktop\\포폴\\my-ai-web","msg":"Using provided path as working directory"}
{"level":20,"time":1770950674694,"env":"development","version":"2.6.5","pid":5088,"signal":{},"_meta":{"progressToken":9,"claudecode/toolUseId":"toolu_01LVvc2YSrJETcMxNr2qmxLD"},"requestId":"AZ2SS-AMTNV","timestamp":"2026-02-13T02:44:34.694Z","toolName":"git_status","input":{"path":"C:\\Users\\82107\\Desktop\\포폴\\my-ai-web","includeUntracked":true},"operation":"HandleToolRequest","original":"C:\\Users\\82107\\Desktop\\포폴\\my-ai-web","sanitized":"C:\\Users\\82107\\Desktop\\포폴\\my-ai-web","msg":"Sanitized working directory path"}
{"level":20,"time":1770950674694,"env":"development","version":"2.6.5","pid":5088,"signal":{},"_meta":{"progressToken":9,"claudecode/toolUseId":"toolu_01LVvc2YSrJETcMxNr2qmxLD"},"requestId":"AZ2SS-AMTNV","timestamp":"2026-02-13T02:44:34.694Z","toolName":"git_status","input":{"path":"C:\\Users\\82107\\Desktop\\포폴\\my-ai-web","includeUntracked":true},"operation":"HandleToolRequest","inputPath":"C:\\Users\\82107\\Desktop\\포폴\\my-ai-web","resolvedPath":"C:\\Users\\82107\\Desktop\\포폴\\my-ai-web","msg":"Resolved working directory"}
{"level":20,"time":1770950674694,"env":"development","version":"2.6.5","pid":5088,"signal":{},"_meta":{"progressToken":9,"claudecode/toolUseId":"toolu_01LVvc2YSrJETcMxNr2qmxLD"},"requestId":"AZ2SS-AMTNV","timestamp":"2026-02-13T02:44:34.694Z","toolName":"git_status","input":{"path":"C:\\Users\\82107\\Desktop\\포폴\\my-ai-web","includeUntracked":true},"operation":"HandleToolRequest","provider":"cli","workingDirectory":"C:\\Users\\82107\\Desktop\\포폴\\my-ai-web","tenantId":"default-tenant","options":{"includeUntracked":true},"msg":"Starting git status"}
{"level":30,"time":1770950674760,"env":"development","version":"2.6.5","pid":5088,"signal":{},"_meta":{"progressToken":9,"claudecode/toolUseId":"toolu_01LVvc2YSrJETcMxNr2qmxLD"},"requestId":"AZ2SS-AMTNV","timestamp":"2026-02-13T02:44:34.694Z","toolName":"git_status","input":{"path":"C:\\Users\\82107\\Desktop\\포폴\\my-ai-web","includeUntracked":true},"operation":"HandleToolRequest","provider":"cli","workingDirectory":"C:\\Users\\82107\\Desktop\\포폴\\my-ai-web","tenantId":"default-tenant","result":{"isClean":false},"msg":"Git status completed successfully"}
{"level":30,"time":1770950674760,"env":"development","version":"2.6.5","pid":5088,"signal":{},"_meta":{"progressToken":9,"claudecode/toolUseId":"toolu_01LVvc2YSrJETcMxNr2qmxLD"},"requestId":"AZ2SS-AMTNV","timestamp":"2026-02-13T02:44:34.694Z","toolName":"git_status","input":{"path":"C:\\Users\\82107\\Desktop\\포폴\\my-ai-web","includeUntracked":true},"operation":"HandleToolRequest","metrics":{"durationMs":65.63,"isSuccess":true,"inputBytes":79,"outputBytes":215,"memory":{"rss":{"before":149143552,"after":149340160,"delta":196608},"heapUsed":{"before":47508368,"after":46758056,"delta":-750312}}},"msg":"Tool execution finished."}
{"level":30,"time":1770950770161,"env":"development","version":"2.6.5","pid":19576,"requestId":"O1IUJ-GVI8Z","timestamp":"2026-02-13T02:46:10.159Z","operation":"loggerInit","msg":"Logger initialized. MCP level: debug."}
{"level":30,"time":1770950770161,"env":"development","version":"2.6.5","pid":19576,"requestId":"UAMX3-R6RIK","timestamp":"2026-02-13T02:46:10.161Z","operation":"LoggerInit","msg":"Logger initialized. Effective MCP logging level: debug."}
{"level":30,"time":1770950770161,"env":"development","version":"2.6.5","pid":19576,"runtime":"node","runtimeVersion":"Node.js 25.6.1","requestId":"RU8K8-SQD9Z","timestamp":"2026-02-13T02:46:10.161Z","operation":"RuntimeDetection","msg":"Runtime detected: Node.js 25.6.1"}
{"level":30,"time":1770950770161,"env":"development","version":"2.6.5","pid":19576,"requestId":"X0PE5-ZDPZD","timestamp":"2026-02-13T02:46:10.161Z","operation":"StorageInit","msg":"Storage service initialized with provider: in-memory"}
{"level":30,"time":1770950770162,"env":"development","version":"2.6.5","pid":19576,"applicationName":"@cyanheads/git-mcp-server","applicationVersion":"2.6.5","nodeEnvironment":"development","requestId":"5U85V-LA7VE","timestamp":"2026-02-13T02:46:10.162Z","operation":"ServerStartup","msg":"Starting @cyanheads/git-mcp-server (v2.6.5)..."}
{"level":30,"time":1770950770162,"env":"development","version":"2.6.5","pid":19576,"transport":"stdio","requestId":"5B7YW-PK3CO","timestamp":"2026-02-13T02:46:10.162Z","operation":"TransportManager.start","msg":"Starting transport: stdio"}
{"level":30,"time":1770950770162,"env":"development","version":"2.6.5","pid":19576,"requestId":"I4ANS-S9S8Y","timestamp":"2026-02-13T02:46:10.162Z","operation":"createMcpServerInstance","msg":"Initializing MCP server instance"}
{"level":20,"time":1770950770162,"env":"development","version":"2.6.5","pid":19576,"requestId":"Y6PR6-DGE6R","timestamp":"2026-02-13T02:46:10.162Z","newConfigState":{"appName":"@cyanheads/git-mcp-server","appVersion":"2.6.5","environment":"development"},"operation":"RequestContextService.configure","msg":"RequestContextService configuration updated"}
{"level":20,"time":1770950770168,"env":"development","version":"2.6.5","pid":19576,"requestId":"I4ANS-S9S8Y","timestamp":"2026-02-13T02:46:10.162Z","operation":"createMcpServerInstance","msg":"Registering all MCP capabilities via registries..."}
{"level":30,"time":1770950770168,"env":"development","version":"2.6.5","pid":19576,"requestId":"DGJWC-Y8F26","timestamp":"2026-02-13T02:46:10.168Z","operation":"ToolRegistry.registerAll","msg":"Registering 27 tool(s)..."}
{"level":20,"time":1770950770168,"env":"development","version":"2.6.5","pid":19576,"toolName":"git_add","requestId":"531LM-9LD5W","timestamp":"2026-02-13T02:46:10.168Z","operation":"ToolRegistry.registerTool","msg":"Registering tool: 'git_add'"}
{"level":30,"time":1770950770169,"env":"development","version":"2.6.5","pid":19576,"toolName":"git_add","requestId":"531LM-9LD5W","timestamp":"2026-02-13T02:46:10.168Z","operation":"ToolRegistry.registerTool","msg":"Tool 'git_add' registered successfully."}
{"level":20,"time":1770950770169,"env":"development","version":"2.6.5","pid":19576,"toolName":"git_blame","requestId":"TKI4K-X43BX","timestamp":"2026-02-13T02:46:10.169Z","operation":"ToolRegistry.registerTool","msg":"Registering tool: 'git_blame'"}
{"level":30,"time":1770950770169,"env":"development","version":"2.6.5","pid":19576,"toolName":"git_blame","requestId":"TKI4K-X43BX","timestamp":"2026-02-13T02:46:10.169Z","operation":"ToolRegistry.registerTool","msg":"Tool 'git_blame' registered successfully."}
{"level":20,"time":1770950770169,"env":"development","version":"2.6.5","pid":19576,"toolName":"git_branch","requestId":"8HNZ2-LTD9X","timestamp":"2026-02-13T02:46:10.169Z","operation":"ToolRegistry.registerTool","msg":"Registering tool: 'git_branch'"}
{"level":30,"time":1770950770169,"env":"development","version":"2.6.5","pid":19576,"toolName":"git_branch","requestId":"8HNZ2-LTD9X","timestamp":"2026-02-13T02:46:10.169Z","operation":"ToolRegistry.registerTool","msg":"Tool 'git_branch' registered successfully."}
{"level":20,"time":1770950770169,"env":"development","version":"2.6.5","pid":19576,"toolName":"git_checkout","requestId":"1V0SV-MYSQB","timestamp":"2026-02-13T02:46:10.169Z","operation":"ToolRegistry.registerTool","msg":"Registering tool: 'git_checkout'"}
{"level":30,"time":1770950770169,"env":"development","version":"2.6.5","pid":19576,"toolName":"git_checkout","requestId":"1V0SV-MYSQB","timestamp":"2026-02-13T02:46:10.169Z","operation":"ToolRegistry.registerTool","msg":"Tool 'git_checkout' registered successfully."}
{"level":20,"time":1770950770170,"env":"development","version":"2.6.5","pid":19576,"toolName":"git_cherry_pick","requestId":"IJZO9-YR7H1","timestamp":"2026-02-13T02:46:10.170Z","operation":"ToolRegistry.registerTool","msg":"Registering tool: 'git_cherry_pick'"}
{"level":30,"time":1770950770170,"env":"development","version":"2.6.5","pid":19576,"toolName":"git_cherry_pick","requestId":"IJZO9-YR7H1","timestamp":"2026-02-13T02:46:10.170Z","operation":"ToolRegistry.registerTool","msg":"Tool 'git_cherry_pick' registered successfully."}
{"level":20,"time":1770950770170,"env":"development","version":"2.6.5","pid":19576,"toolName":"git_clean","requestId":"7VUNU-QTDUQ","timestamp":"2026-02-13T02:46:10.170Z","operation":"ToolRegistry.registerTool","msg":"Registering tool: 'git_clean'"}
{"level":30,"time":1770950770170,"env":"development","version":"2.6.5","pid":19576,"toolName":"git_clean","requestId":"7VUNU-QTDUQ","timestamp":"2026-02-13T02:46:10.170Z","operation":"ToolRegistry.registerTool","msg":"Tool 'git_clean' registered successfully."}
{"level":20,"time":1770950770170,"env":"development","version":"2.6.5","pid":19576,"toolName":"git_clear_working_dir","requestId":"9W43Z-11SN6","timestamp":"2026-02-13T02:46:10.170Z","operation":"ToolRegistry.registerTool","msg":"Registering tool: 'git_clear_working_dir'"}
{"level":30,"time":1770950770170,"env":"development","version":"2.6.5","pid":19576,"toolName":"git_clear_working_dir","requestId":"9W43Z-11SN6","timestamp":"2026-02-13T02:46:10.170Z","operation":"ToolRegistry.registerTool","msg":"Tool 'git_clear_working_dir' registered successfully."}
{"level":20,"time":1770950770170,"env":"development","version":"2.6.5","pid":19576,"toolName":"git_clone","requestId":"R1L97-K3DRH","timestamp":"2026-02-13T02:46:10.170Z","operation":"ToolRegistry.registerTool","msg":"Registering tool: 'git_clone'"}
{"level":30,"time":1770950770170,"env":"development","version":"2.6.5","pid":19576,"toolName":"git_clone","requestId":"R1L97-K3DRH","timestamp":"2026-02-13T02:46:10.170Z","operation":"ToolRegistry.registerTool","msg":"Tool 'git_clone' registered successfully."}
{"level":20,"time":1770950770170,"env":"development","version":"2.6.5","pid":19576,"toolName":"git_commit","requestId":"7WBW2-R4YFB","timestamp":"2026-02-13T02:46:10.170Z","operation":"ToolRegistry.registerTool","msg":"Registering tool: 'git_commit'"}
{"level":30,"time":1770950770170,"env":"development","version":"2.6.5","pid":19576,"toolName":"git_commit","requestId":"7WBW2-R4YFB","timestamp":"2026-02-13T02:46:10.170Z","operation":"ToolRegistry.registerTool","msg":"Tool 'git_commit' registered successfully."}
{"level":20,"time":1770950770170,"env":"development","version":"2.6.5","pid":19576,"toolName":"git_diff","requestId":"N8EVW-HSLMD","timestamp":"2026-02-13T02:46:10.170Z","operation":"ToolRegistry.registerTool","msg":"Registering tool: 'git_diff'"}
{"level":30,"time":1770950770170,"env":"development","version":"2.6.5","pid":19576,"toolName":"git_diff","requestId":"N8EVW-HSLMD","timestamp":"2026-02-13T02:46:10.170Z","operation":"ToolRegistry.registerTool","msg":"Tool 'git_diff' registered successfully."}
{"level":20,"time":1770950770170,"env":"development","version":"2.6.5","pid":19576,"toolName":"git_fetch","requestId":"6W5AL-YKL8T","timestamp":"2026-02-13T02:46:10.170Z","operation":"ToolRegistry.registerTool","msg":"Registering tool: 'git_fetch'"}
{"level":30,"time":1770950770170,"env":"development","version":"2.6.5","pid":19576,"toolName":"git_fetch","requestId":"6W5AL-YKL8T","timestamp":"2026-02-13T02:46:10.170Z","operation":"ToolRegistry.registerTool","msg":"Tool 'git_fetch' registered successfully."}
{"level":20,"time":1770950770170,"env":"development","version":"2.6.5","pid":19576,"toolName":"git_init","requestId":"RH99E-MRBS6","timestamp":"2026-02-13T02:46:10.170Z","operation":"ToolRegistry.registerTool","msg":"Registering tool: 'git_init'"}
{"level":30,"time":1770950770170,"env":"development","version":"2.6.5","pid":19576,"toolName":"git_init","requestId":"RH99E-MRBS6","timestamp":"2026-02-13T02:46:10.170Z","operation":"ToolRegistry.registerTool","msg":"Tool 'git_init' registered successfully."}
{"level":20,"time":1770950770170,"env":"development","version":"2.6.5","pid":19576,"toolName":"git_log","requestId":"GYV5V-I6Q9A","timestamp":"2026-02-13T02:46:10.170Z","operation":"ToolRegistry.registerTool","msg":"Registering tool: 'git_log'"}
{"level":30,"time":1770950770170,"env":"development","version":"2.6.5","pid":19576,"toolName":"git_log","requestId":"GYV5V-I6Q9A","timestamp":"2026-02-13T02:46:10.170Z","operation":"ToolRegistry.registerTool","msg":"Tool 'git_log' registered successfully."}
{"level":20,"time":1770950770170,"env":"development","version":"2.6.5","pid":19576,"toolName":"git_merge","requestId":"57J9Z-11COU","timestamp":"2026-02-13T02:46:10.170Z","operation":"ToolRegistry.registerTool","msg":"Registering tool: 'git_merge'"}
{"level":30,"time":1770950770170,"env":"development","version":"2.6.5","pid":19576,"toolName":"git_merge","requestId":"57J9Z-11COU","timestamp":"2026-02-13T02:46:10.170Z","operation":"ToolRegistry.registerTool","msg":"Tool 'git_merge' registered successfully."}
{"level":20,"time":1770950770171,"env":"development","version":"2.6.5","pid":19576,"toolName":"git_pull","requestId":"7VGVV-W63JU","timestamp":"2026-02-13T02:46:10.171Z","operation":"ToolRegistry.registerTool","msg":"Registering tool: 'git_pull'"}
{"level":30,"time":1770950770171,"env":"development","version":"2.6.5","pid":19576,"toolName":"git_pull","requestId":"7VGVV-W63JU","timestamp":"2026-02-13T02:46:10.171Z","operation":"ToolRegistry.registerTool","msg":"Tool 'git_pull' registered successfully."}
{"level":20,"time":1770950770171,"env":"development","version":"2.6.5","pid":19576,"toolName":"git_push","requestId":"WXLRU-SYDOH","timestamp":"2026-02-13T02:46:10.171Z","operation":"ToolRegistry.registerTool","msg":"Registering tool: 'git_push'"}
{"level":30,"time":1770950770171,"env":"development","version":"2.6.5","pid":19576,"toolName":"git_push","requestId":"WXLRU-SYDOH","timestamp":"2026-02-13T02:46:10.171Z","operation":"ToolRegistry.registerTool","msg":"Tool 'git_push' registered successfully."}
{"level":20,"time":1770950770171,"env":"development","version":"2.6.5","pid":19576,"toolName":"git_rebase","requestId":"88P8C-GB54F","timestamp":"2026-02-13T02:46:10.171Z","operation":"ToolRegistry.registerTool","msg":"Registering tool: 'git_rebase'"}
{"level":30,"time":1770950770171,"env":"development","version":"2.6.5","pid":19576,"toolName":"git_rebase","requestId":"88P8C-GB54F","timestamp":"2026-02-13T02:46:10.171Z","operation":"ToolRegistry.registerTool","msg":"Tool 'git_rebase' registered successfully."}
{"level":20,"time":1770950770171,"env":"development","version":"2.6.5","pid":19576,"toolName":"git_reflog","requestId":"KR064-LRTQI","timestamp":"2026-02-13T02:46:10.171Z","operation":"ToolRegistry.registerTool","msg":"Registering tool: 'git_reflog'"}
{"level":30,"time":1770950770171,"env":"development","version":"2.6.5","pid":19576,"toolName":"git_reflog","requestId":"KR064-LRTQI","timestamp":"2026-02-13T02:46:10.171Z","operation":"ToolRegistry.registerTool","msg":"Tool 'git_reflog' registered successfully."}
{"level":20,"time":1770950770171,"env":"development","version":"2.6.5","pid":19576,"toolName":"git_remote","requestId":"41Y8C-71K6Q","timestamp":"2026-02-13T02:46:10.171Z","operation":"ToolRegistry.registerTool","msg":"Registering tool: 'git_remote'"}
{"level":30,"time":1770950770171,"env":"development","version":"2.6.5","pid":19576,"toolName":"git_remote","requestId":"41Y8C-71K6Q","timestamp":"2026-02-13T02:46:10.171Z","operation":"ToolRegistry.registerTool","msg":"Tool 'git_remote' registered successfully."}
{"level":20,"time":1770950770171,"env":"development","version":"2.6.5","pid":19576,"toolName":"git_reset","requestId":"6RNR7-WCIMJ","timestamp":"2026-02-13T02:46:10.171Z","operation":"ToolRegistry.registerTool","msg":"Registering tool: 'git_reset'"}
{"level":30,"time":1770950770171,"env":"development","version":"2.6.5","pid":19576,"toolName":"git_reset","requestId":"6RNR7-WCIMJ","timestamp":"2026-02-13T02:46:10.171Z","operation":"ToolRegistry.registerTool","msg":"Tool 'git_reset' registered successfully."}
{"level":20,"time":1770950770171,"env":"development","version":"2.6.5","pid":19576,"toolName":"git_set_working_dir","requestId":"H65NY-JBK7V","timestamp":"2026-02-13T02:46:10.171Z","operation":"ToolRegistry.registerTool","msg":"Registering tool: 'git_set_working_dir'"}
{"level":30,"time":1770950770171,"env":"development","version":"2.6.5","pid":19576,"toolName":"git_set_working_dir","requestId":"H65NY-JBK7V","timestamp":"2026-02-13T02:46:10.171Z","operation":"ToolRegistry.registerTool","msg":"Tool 'git_set_working_dir' registered successfully."}
{"level":20,"time":1770950770171,"env":"development","version":"2.6.5","pid":19576,"toolName":"git_show","requestId":"KQOCG-AE2TT","timestamp":"2026-02-13T02:46:10.171Z","operation":"ToolRegistry.registerTool","msg":"Registering tool: 'git_show'"}
{"level":30,"time":1770950770171,"env":"development","version":"2.6.5","pid":19576,"toolName":"git_show","requestId":"KQOCG-AE2TT","timestamp":"2026-02-13T02:46:10.171Z","operation":"ToolRegistry.registerTool","msg":"Tool 'git_show' registered successfully."}
{"level":20,"time":1770950770171,"env":"development","version":"2.6.5","pid":19576,"toolName":"git_stash","requestId":"04TOJ-MQ9S6","timestamp":"2026-02-13T02:46:10.171Z","operation":"ToolRegistry.registerTool","msg":"Registering tool: 'git_stash'"}
{"level":30,"time":1770950770171,"env":"development","version":"2.6.5","pid":19576,"toolName":"git_stash","requestId":"04TOJ-MQ9S6","timestamp":"2026-02-13T02:46:10.171Z","operation":"ToolRegistry.registerTool","msg":"Tool 'git_stash' registered successfully."}
{"level":20,"time":1770950770171,"env":"development","version":"2.6.5","pid":19576,"toolName":"git_status","requestId":"CAU3Y-S72JY","timestamp":"2026-02-13T02:46:10.171Z","operation":"ToolRegistry.registerTool","msg":"Registering tool: 'git_status'"}
{"level":30,"time":1770950770171,"env":"development","version":"2.6.5","pid":19576,"toolName":"git_status","requestId":"CAU3Y-S72JY","timestamp":"2026-02-13T02:46:10.171Z","operation":"ToolRegistry.registerTool","msg":"Tool 'git_status' registered successfully."}
{"level":20,"time":1770950770171,"env":"development","version":"2.6.5","pid":19576,"toolName":"git_tag","requestId":"JDFV9-OF171","timestamp":"2026-02-13T02:46:10.171Z","operation":"ToolRegistry.registerTool","msg":"Registering tool: 'git_tag'"}
{"level":30,"time":1770950770171,"env":"development","version":"2.6.5","pid":19576,"toolName":"git_tag","requestId":"JDFV9-OF171","timestamp":"2026-02-13T02:46:10.171Z","operation":"ToolRegistry.registerTool","msg":"Tool 'git_tag' registered successfully."}
{"level":20,"time":1770950770171,"env":"development","version":"2.6.5","pid":19576,"toolName":"git_worktree","requestId":"NSH4K-VH7EI","timestamp":"2026-02-13T02:46:10.171Z","operation":"ToolRegistry.registerTool","msg":"Registering tool: 'git_worktree'"}
{"level":30,"time":1770950770171,"env":"development","version":"2.6.5","pid":19576,"toolName":"git_worktree","requestId":"NSH4K-VH7EI","timestamp":"2026-02-13T02:46:10.171Z","operation":"ToolRegistry.registerTool","msg":"Tool 'git_worktree' registered successfully."}
{"level":20,"time":1770950770171,"env":"development","version":"2.6.5","pid":19576,"toolName":"git_wrapup_instructions","requestId":"54NYP-2Q04W","timestamp":"2026-02-13T02:46:10.171Z","operation":"ToolRegistry.registerTool","msg":"Registering tool: 'git_wrapup_instructions'"}
{"level":30,"time":1770950770171,"env":"development","version":"2.6.5","pid":19576,"toolName":"git_wrapup_instructions","requestId":"54NYP-2Q04W","timestamp":"2026-02-13T02:46:10.171Z","operation":"ToolRegistry.registerTool","msg":"Tool 'git_wrapup_instructions' registered successfully."}
{"level":30,"time":1770950770172,"env":"development","version":"2.6.5","pid":19576,"requestId":"YWJJX-7NXK1","timestamp":"2026-02-13T02:46:10.172Z","operation":"ResourceRegistry.registerAll","msg":"Registering 1 resource(s)..."}
{"level":30,"time":1770950770172,"env":"development","version":"2.6.5","pid":19576,"requestId":"3FVRS-T2GE4","timestamp":"2026-02-13T02:46:10.172Z","resourceName":"git-working-directory","operation":"RegisterResource","msg":"Registering resource: 'git-working-directory'"}
{"level":30,"time":1770950770172,"env":"development","version":"2.6.5","pid":19576,"requestId":"3FVRS-T2GE4","timestamp":"2026-02-13T02:46:10.172Z","resourceName":"git-working-directory","operation":"RegisterResource","msg":"Resource 'git-working-directory' registered successfully."}
{"level":20,"time":1770950770173,"env":"development","version":"2.6.5","pid":19576,"requestId":"E4MBV-KNBP8","timestamp":"2026-02-13T02:46:10.173Z","operation":"PromptRegistry.registerAll","msg":"Registering 1 prompts..."}
{"level":20,"time":1770950770173,"env":"development","version":"2.6.5","pid":19576,"requestId":"E4MBV-KNBP8","timestamp":"2026-02-13T02:46:10.173Z","operation":"PromptRegistry.registerAll","msg":"Registering prompt: git_wrapup"}
{"level":30,"time":1770950770173,"env":"development","version":"2.6.5","pid":19576,"requestId":"E4MBV-KNBP8","timestamp":"2026-02-13T02:46:10.173Z","operation":"PromptRegistry.registerAll","msg":"Registered prompt: git_wrapup"}
{"level":30,"time":1770950770173,"env":"development","version":"2.6.5","pid":19576,"requestId":"E4MBV-KNBP8","timestamp":"2026-02-13T02:46:10.173Z","operation":"PromptRegistry.registerAll","msg":"Successfully registered 1 prompts"}
{"level":20,"time":1770950770173,"env":"development","version":"2.6.5","pid":19576,"requestId":"VCF71-22Z4E","timestamp":"2026-02-13T02:46:10.173Z","operation":"RootsRegistry.registerAll","msg":"Roots capability enabled (client-provided roots)"}
{"level":30,"time":1770950770173,"env":"development","version":"2.6.5","pid":19576,"requestId":"VCF71-22Z4E","timestamp":"2026-02-13T02:46:10.173Z","operation":"RootsRegistry.registerAll","msg":"Roots capability registered successfully"}
{"level":30,"time":1770950770173,"env":"development","version":"2.6.5","pid":19576,"requestId":"I4ANS-S9S8Y","timestamp":"2026-02-13T02:46:10.162Z","operation":"createMcpServerInstance","msg":"All MCP capabilities registered successfully"}
{"level":30,"time":1770950770173,"env":"development","version":"2.6.5","pid":19576,"transport":"stdio","requestId":"5B7YW-PK3CO","timestamp":"2026-02-13T02:46:10.162Z","operation":"connectStdioTransport","transportType":"Stdio","msg":"Attempting to connect stdio transport..."}
{"level":20,"time":1770950770173,"env":"development","version":"2.6.5","pid":19576,"transport":"stdio","requestId":"5B7YW-PK3CO","timestamp":"2026-02-13T02:46:10.162Z","operation":"connectStdioTransport","transportType":"Stdio","msg":"Creating StdioServerTransport instance..."}
{"level":20,"time":1770950770174,"env":"development","version":"2.6.5","pid":19576,"transport":"stdio","requestId":"5B7YW-PK3CO","timestamp":"2026-02-13T02:46:10.162Z","operation":"connectStdioTransport","transportType":"Stdio","msg":"Connecting McpServer instance to StdioServerTransport..."}
{"level":30,"time":1770950770174,"env":"development","version":"2.6.5","pid":19576,"transport":"stdio","requestId":"5B7YW-PK3CO","timestamp":"2026-02-13T02:46:10.162Z","operation":"connectStdioTransport","transportType":"Stdio","msg":"MCP Server connected and listening via stdio transport."}
{"level":30,"time":1770950770174,"env":"development","version":"2.6.5","pid":19576,"applicationName":"@cyanheads/git-mcp-server","applicationVersion":"2.6.5","nodeEnvironment":"development","requestId":"5U85V-LA7VE","timestamp":"2026-02-13T02:46:10.162Z","operation":"ServerStartup","msg":"@cyanheads/git-mcp-server is now running and ready."}
{"level":30,"time":1770950782718,"env":"development","version":"2.6.5","pid":18008,"requestId":"M1X6Z-NXV89","timestamp":"2026-02-13T02:46:22.716Z","operation":"loggerInit","msg":"Logger initialized. MCP level: debug."}
{"level":30,"time":1770950782718,"env":"development","version":"2.6.5","pid":18008,"requestId":"46NNY-R8JQF","timestamp":"2026-02-13T02:46:22.718Z","operation":"LoggerInit","msg":"Logger initialized. Effective MCP logging level: debug."}
{"level":30,"time":1770950782719,"env":"development","version":"2.6.5","pid":18008,"runtime":"node","runtimeVersion":"Node.js 25.6.1","requestId":"TM8HU-IKYVN","timestamp":"2026-02-13T02:46:22.719Z","operation":"RuntimeDetection","msg":"Runtime detected: Node.js 25.6.1"}
{"level":30,"time":1770950782719,"env":"development","version":"2.6.5","pid":18008,"requestId":"DB9C0-815DI","timestamp":"2026-02-13T02:46:22.719Z","operation":"StorageInit","msg":"Storage service initialized with provider: in-memory"}
{"level":30,"time":1770950782719,"env":"development","version":"2.6.5","pid":18008,"applicationName":"@cyanheads/git-mcp-server","applicationVersion":"2.6.5","nodeEnvironment":"development","requestId":"29PSF-4OLJD","timestamp":"2026-02-13T02:46:22.719Z","operation":"ServerStartup","msg":"Starting @cyanheads/git-mcp-server (v2.6.5)..."}
{"level":30,"time":1770950782720,"env":"development","version":"2.6.5","pid":18008,"transport":"stdio","requestId":"GRM3V-5KS9V","timestamp":"2026-02-13T02:46:22.720Z","operation":"TransportManager.start","msg":"Starting transport: stdio"}
{"level":30,"time":1770950782720,"env":"development","version":"2.6.5","pid":18008,"requestId":"ZW4IO-U14S9","timestamp":"2026-02-13T02:46:22.720Z","operation":"createMcpServerInstance","msg":"Initializing MCP server instance"}
{"level":20,"time":1770950782720,"env":"development","version":"2.6.5","pid":18008,"requestId":"XY4Z8-HR8R9","timestamp":"2026-02-13T02:46:22.720Z","newConfigState":{"appName":"@cyanheads/git-mcp-server","appVersion":"2.6.5","environment":"development"},"operation":"RequestContextService.configure","msg":"RequestContextService configuration updated"}
{"level":20,"time":1770950782726,"env":"development","version":"2.6.5","pid":18008,"requestId":"ZW4IO-U14S9","timestamp":"2026-02-13T02:46:22.720Z","operation":"createMcpServerInstance","msg":"Registering all MCP capabilities via registries..."}
{"level":30,"time":1770950782726,"env":"development","version":"2.6.5","pid":18008,"requestId":"UXEOF-4L9B7","timestamp":"2026-02-13T02:46:22.726Z","operation":"ToolRegistry.registerAll","msg":"Registering 27 tool(s)..."}
{"level":20,"time":1770950782727,"env":"development","version":"2.6.5","pid":18008,"toolName":"git_add","requestId":"QM5LK-H1BDF","timestamp":"2026-02-13T02:46:22.727Z","operation":"ToolRegistry.registerTool","msg":"Registering tool: 'git_add'"}
{"level":30,"time":1770950782728,"env":"development","version":"2.6.5","pid":18008,"toolName":"git_add","requestId":"QM5LK-H1BDF","timestamp":"2026-02-13T02:46:22.727Z","operation":"ToolRegistry.registerTool","msg":"Tool 'git_add' registered successfully."}
{"level":20,"time":1770950782728,"env":"development","version":"2.6.5","pid":18008,"toolName":"git_blame","requestId":"9YWDX-8RG9O","timestamp":"2026-02-13T02:46:22.728Z","operation":"ToolRegistry.registerTool","msg":"Registering tool: 'git_blame'"}
{"level":30,"time":1770950782728,"env":"development","version":"2.6.5","pid":18008,"toolName":"git_blame","requestId":"9YWDX-8RG9O","timestamp":"2026-02-13T02:46:22.728Z","operation":"ToolRegistry.registerTool","msg":"Tool 'git_blame' registered successfully."}
{"level":20,"time":1770950782728,"env":"development","version":"2.6.5","pid":18008,"toolName":"git_branch","requestId":"IT5T9-YW4AW","timestamp":"2026-02-13T02:46:22.728Z","operation":"ToolRegistry.registerTool","msg":"Registering tool: 'git_branch'"}
{"level":30,"time":1770950782728,"env":"development","version":"2.6.5","pid":18008,"toolName":"git_branch","requestId":"IT5T9-YW4AW","timestamp":"2026-02-13T02:46:22.728Z","operation":"ToolRegistry.registerTool","msg":"Tool 'git_branch' registered successfully."}
{"level":20,"time":1770950782728,"env":"development","version":"2.6.5","pid":18008,"toolName":"git_checkout","requestId":"Z0P8D-68M3D","timestamp":"2026-02-13T02:46:22.728Z","operation":"ToolRegistry.registerTool","msg":"Registering tool: 'git_checkout'"}
{"level":30,"time":1770950782728,"env":"development","version":"2.6.5","pid":18008,"toolName":"git_checkout","requestId":"Z0P8D-68M3D","timestamp":"2026-02-13T02:46:22.728Z","operation":"ToolRegistry.registerTool","msg":"Tool 'git_checkout' registered successfully."}
{"level":20,"time":1770950782728,"env":"development","version":"2.6.5","pid":18008,"toolName":"git_cherry_pick","requestId":"AI8Y4-XYLWC","timestamp":"2026-02-13T02:46:22.728Z","operation":"ToolRegistry.registerTool","msg":"Registering tool: 'git_cherry_pick'"}
{"level":30,"time":1770950782728,"env":"development","version":"2.6.5","pid":18008,"toolName":"git_cherry_pick","requestId":"AI8Y4-XYLWC","timestamp":"2026-02-13T02:46:22.728Z","operation":"ToolRegistry.registerTool","msg":"Tool 'git_cherry_pick' registered successfully."}
{"level":20,"time":1770950782728,"env":"development","version":"2.6.5","pid":18008,"toolName":"git_clean","requestId":"TPPF7-972LX","timestamp":"2026-02-13T02:46:22.728Z","operation":"ToolRegistry.registerTool","msg":"Registering tool: 'git_clean'"}
{"level":30,"time":1770950782728,"env":"development","version":"2.6.5","pid":18008,"toolName":"git_clean","requestId":"TPPF7-972LX","timestamp":"2026-02-13T02:46:22.728Z","operation":"ToolRegistry.registerTool","msg":"Tool 'git_clean' registered successfully."}
{"level":20,"time":1770950782728,"env":"development","version":"2.6.5","pid":18008,"toolName":"git_clear_working_dir","requestId":"VXC8H-3CBG7","timestamp":"2026-02-13T02:46:22.728Z","operation":"ToolRegistry.registerTool","msg":"Registering tool: 'git_clear_working_dir'"}
{"level":30,"time":1770950782728,"env":"development","version":"2.6.5","pid":18008,"toolName":"git_clear_working_dir","requestId":"VXC8H-3CBG7","timestamp":"2026-02-13T02:46:22.728Z","operation":"ToolRegistry.registerTool","msg":"Tool 'git_clear_working_dir' registered successfully."}
{"level":20,"time":1770950782728,"env":"development","version":"2.6.5","pid":18008,"toolName":"git_clone","requestId":"A3M14-FXFXD","timestamp":"2026-02-13T02:46:22.728Z","operation":"ToolRegistry.registerTool","msg":"Registering tool: 'git_clone'"}
{"level":30,"time":1770950782728,"env":"development","version":"2.6.5","pid":18008,"toolName":"git_clone","requestId":"A3M14-FXFXD","timestamp":"2026-02-13T02:46:22.728Z","operation":"ToolRegistry.registerTool","msg":"Tool 'git_clone' registered successfully."}
{"level":20,"time":1770950782728,"env":"development","version":"2.6.5","pid":18008,"toolName":"git_commit","requestId":"ZBYBO-AXMTM","timestamp":"2026-02-13T02:46:22.728Z","operation":"ToolRegistry.registerTool","msg":"Registering tool: 'git_commit'"}
{"level":30,"time":1770950782728,"env":"development","version":"2.6.5","pid":18008,"toolName":"git_commit","requestId":"ZBYBO-AXMTM","timestamp":"2026-02-13T02:46:22.728Z","operation":"ToolRegistry.registerTool","msg":"Tool 'git_commit' registered successfully."}
{"level":20,"time":1770950782728,"env":"development","version":"2.6.5","pid":18008,"toolName":"git_diff","requestId":"SUADD-4N2E7","timestamp":"2026-02-13T02:46:22.728Z","operation":"ToolRegistry.registerTool","msg":"Registering tool: 'git_diff'"}
{"level":30,"time":1770950782728,"env":"development","version":"2.6.5","pid":18008,"toolName":"git_diff","requestId":"SUADD-4N2E7","timestamp":"2026-02-13T02:46:22.728Z","operation":"ToolRegistry.registerTool","msg":"Tool 'git_diff' registered successfully."}
{"level":20,"time":1770950782729,"env":"development","version":"2.6.5","pid":18008,"toolName":"git_fetch","requestId":"ONX44-2NPZB","timestamp":"2026-02-13T02:46:22.729Z","operation":"ToolRegistry.registerTool","msg":"Registering tool: 'git_fetch'"}
{"level":30,"time":1770950782729,"env":"development","version":"2.6.5","pid":18008,"toolName":"git_fetch","requestId":"ONX44-2NPZB","timestamp":"2026-02-13T02:46:22.729Z","operation":"ToolRegistry.registerTool","msg":"Tool 'git_fetch' registered successfully."}
{"level":20,"time":1770950782729,"env":"development","version":"2.6.5","pid":18008,"toolName":"git_init","requestId":"PHZPD-X5RDH","timestamp":"2026-02-13T02:46:22.729Z","operation":"ToolRegistry.registerTool","msg":"Registering tool: 'git_init'"}
{"level":30,"time":1770950782729,"env":"development","version":"2.6.5","pid":18008,"toolName":"git_init","requestId":"PHZPD-X5RDH","timestamp":"2026-02-13T02:46:22.729Z","operation":"ToolRegistry.registerTool","msg":"Tool 'git_init' registered successfully."}
{"level":20,"time":1770950782729,"env":"development","version":"2.6.5","pid":18008,"toolName":"git_log","requestId":"MHQ9Y-M6WMW","timestamp":"2026-02-13T02:46:22.729Z","operation":"ToolRegistry.registerTool","msg":"Registering tool: 'git_log'"}
{"level":30,"time":1770950782729,"env":"development","version":"2.6.5","pid":18008,"toolName":"git_log","requestId":"MHQ9Y-M6WMW","timestamp":"2026-02-13T02:46:22.729Z","operation":"ToolRegistry.registerTool","msg":"Tool 'git_log' registered successfully."}
{"level":20,"time":1770950782729,"env":"development","version":"2.6.5","pid":18008,"toolName":"git_merge","requestId":"WBU2I-QTRRY","timestamp":"2026-02-13T02:46:22.729Z","operation":"ToolRegistry.registerTool","msg":"Registering tool: 'git_merge'"}
{"level":30,"time":1770950782729,"env":"development","version":"2.6.5","pid":18008,"toolName":"git_merge","requestId":"WBU2I-QTRRY","timestamp":"2026-02-13T02:46:22.729Z","operation":"ToolRegistry.registerTool","msg":"Tool 'git_merge' registered successfully."}
{"level":20,"time":1770950782729,"env":"development","version":"2.6.5","pid":18008,"toolName":"git_pull","requestId":"T956X-A0YWR","timestamp":"2026-02-13T02:46:22.729Z","operation":"ToolRegistry.registerTool","msg":"Registering tool: 'git_pull'"}
{"level":30,"time":1770950782729,"env":"development","version":"2.6.5","pid":18008,"toolName":"git_pull","requestId":"T956X-A0YWR","timestamp":"2026-02-13T02:46:22.729Z","operation":"ToolRegistry.registerTool","msg":"Tool 'git_pull' registered successfully."}
{"level":20,"time":1770950782729,"env":"development","version":"2.6.5","pid":18008,"toolName":"git_push","requestId":"FDCXZ-6C39R","timestamp":"2026-02-13T02:46:22.729Z","operation":"ToolRegistry.registerTool","msg":"Registering tool: 'git_push'"}
{"level":30,"time":1770950782729,"env":"development","version":"2.6.5","pid":18008,"toolName":"git_push","requestId":"FDCXZ-6C39R","timestamp":"2026-02-13T02:46:22.729Z","operation":"ToolRegistry.registerTool","msg":"Tool 'git_push' registered successfully."}
{"level":20,"time":1770950782729,"env":"development","version":"2.6.5","pid":18008,"toolName":"git_rebase","requestId":"D1N57-T2B3I","timestamp":"2026-02-13T02:46:22.729Z","operation":"ToolRegistry.registerTool","msg":"Registering tool: 'git_rebase'"}
{"level":30,"time":1770950782729,"env":"development","version":"2.6.5","pid":18008,"toolName":"git_rebase","requestId":"D1N57-T2B3I","timestamp":"2026-02-13T02:46:22.729Z","operation":"ToolRegistry.registerTool","msg":"Tool 'git_rebase' registered successfully."}
{"level":20,"time":1770950782729,"env":"development","version":"2.6.5","pid":18008,"toolName":"git_reflog","requestId":"YE90H-9MZJ2","timestamp":"2026-02-13T02:46:22.729Z","operation":"ToolRegistry.registerTool","msg":"Registering tool: 'git_reflog'"}
{"level":30,"time":1770950782729,"env":"development","version":"2.6.5","pid":18008,"toolName":"git_reflog","requestId":"YE90H-9MZJ2","timestamp":"2026-02-13T02:46:22.729Z","operation":"ToolRegistry.registerTool","msg":"Tool 'git_reflog' registered successfully."}
{"level":20,"time":1770950782729,"env":"development","version":"2.6.5","pid":18008,"toolName":"git_remote","requestId":"SDAJB-6TG4T","timestamp":"2026-02-13T02:46:22.729Z","operation":"ToolRegistry.registerTool","msg":"Registering tool: 'git_remote'"}
{"level":30,"time":1770950782729,"env":"development","version":"2.6.5","pid":18008,"toolName":"git_remote","requestId":"SDAJB-6TG4T","timestamp":"2026-02-13T02:46:22.729Z","operation":"ToolRegistry.registerTool","msg":"Tool 'git_remote' registered successfully."}
{"level":20,"time":1770950782729,"env":"development","version":"2.6.5","pid":18008,"toolName":"git_reset","requestId":"FVHZ3-AD3AZ","timestamp":"2026-02-13T02:46:22.729Z","operation":"ToolRegistry.registerTool","msg":"Registering tool: 'git_reset'"}
{"level":30,"time":1770950782729,"env":"development","version":"2.6.5","pid":18008,"toolName":"git_reset","requestId":"FVHZ3-AD3AZ","timestamp":"2026-02-13T02:46:22.729Z","operation":"ToolRegistry.registerTool","msg":"Tool 'git_reset' registered successfully."}
{"level":20,"time":1770950782729,"env":"development","version":"2.6.5","pid":18008,"toolName":"git_set_working_dir","requestId":"320NO-59ENQ","timestamp":"2026-02-13T02:46:22.729Z","operation":"ToolRegistry.registerTool","msg":"Registering tool: 'git_set_working_dir'"}
{"level":30,"time":1770950782729,"env":"development","version":"2.6.5","pid":18008,"toolName":"git_set_working_dir","requestId":"320NO-59ENQ","timestamp":"2026-02-13T02:46:22.729Z","operation":"ToolRegistry.registerTool","msg":"Tool 'git_set_working_dir' registered successfully."}
{"level":20,"time":1770950782729,"env":"development","version":"2.6.5","pid":18008,"toolName":"git_show","requestId":"57L7D-277PG","timestamp":"2026-02-13T02:46:22.729Z","operation":"ToolRegistry.registerTool","msg":"Registering tool: 'git_show'"}
{"level":30,"time":1770950782729,"env":"development","version":"2.6.5","pid":18008,"toolName":"git_show","requestId":"57L7D-277PG","timestamp":"2026-02-13T02:46:22.729Z","operation":"ToolRegistry.registerTool","msg":"Tool 'git_show' registered successfully."}
{"level":20,"time":1770950782729,"env":"development","version":"2.6.5","pid":18008,"toolName":"git_stash","requestId":"0IQWL-JJA75","timestamp":"2026-02-13T02:46:22.729Z","operation":"ToolRegistry.registerTool","msg":"Registering tool: 'git_stash'"}
{"level":30,"time":1770950782729,"env":"development","version":"2.6.5","pid":18008,"toolName":"git_stash","requestId":"0IQWL-JJA75","timestamp":"2026-02-13T02:46:22.729Z","operation":"ToolRegistry.registerTool","msg":"Tool 'git_stash' registered successfully."}
{"level":20,"time":1770950782730,"env":"development","version":"2.6.5","pid":18008,"toolName":"git_status","requestId":"NOXW7-J10KD","timestamp":"2026-02-13T02:46:22.729Z","operation":"ToolRegistry.registerTool","msg":"Registering tool: 'git_status'"}
{"level":30,"time":1770950782730,"env":"development","version":"2.6.5","pid":18008,"toolName":"git_status","requestId":"NOXW7-J10KD","timestamp":"2026-02-13T02:46:22.729Z","operation":"ToolRegistry.registerTool","msg":"Tool 'git_status' registered successfully."}
{"level":20,"time":1770950782730,"env":"development","version":"2.6.5","pid":18008,"toolName":"git_tag","requestId":"3AYAZ-78R3L","timestamp":"2026-02-13T02:46:22.730Z","operation":"ToolRegistry.registerTool","msg":"Registering tool: 'git_tag'"}
{"level":30,"time":1770950782730,"env":"development","version":"2.6.5","pid":18008,"toolName":"git_tag","requestId":"3AYAZ-78R3L","timestamp":"2026-02-13T02:46:22.730Z","operation":"ToolRegistry.registerTool","msg":"Tool 'git_tag' registered successfully."}
{"level":20,"time":1770950782730,"env":"development","version":"2.6.5","pid":18008,"toolName":"git_worktree","requestId":"EVBK4-P4KPD","timestamp":"2026-02-13T02:46:22.730Z","operation":"ToolRegistry.registerTool","msg":"Registering tool: 'git_worktree'"}
{"level":30,"time":1770950782730,"env":"development","version":"2.6.5","pid":18008,"toolName":"git_worktree","requestId":"EVBK4-P4KPD","timestamp":"2026-02-13T02:46:22.730Z","operation":"ToolRegistry.registerTool","msg":"Tool 'git_worktree' registered successfully."}
{"level":20,"time":1770950782730,"env":"development","version":"2.6.5","pid":18008,"toolName":"git_wrapup_instructions","requestId":"11RL9-WSCVT","timestamp":"2026-02-13T02:46:22.730Z","operation":"ToolRegistry.registerTool","msg":"Registering tool: 'git_wrapup_instructions'"}
{"level":30,"time":1770950782730,"env":"development","version":"2.6.5","pid":18008,"toolName":"git_wrapup_instructions","requestId":"11RL9-WSCVT","timestamp":"2026-02-13T02:46:22.730Z","operation":"ToolRegistry.registerTool","msg":"Tool 'git_wrapup_instructions' registered successfully."}
{"level":30,"time":1770950782730,"env":"development","version":"2.6.5","pid":18008,"requestId":"XALVI-L491U","timestamp":"2026-02-13T02:46:22.730Z","operation":"ResourceRegistry.registerAll","msg":"Registering 1 resource(s)..."}
{"level":30,"time":1770950782730,"env":"development","version":"2.6.5","pid":18008,"requestId":"K2PR1-TCK2C","timestamp":"2026-02-13T02:46:22.730Z","resourceName":"git-working-directory","operation":"RegisterResource","msg":"Registering resource: 'git-working-directory'"}
{"level":30,"time":1770950782731,"env":"development","version":"2.6.5","pid":18008,"requestId":"K2PR1-TCK2C","timestamp":"2026-02-13T02:46:22.730Z","resourceName":"git-working-directory","operation":"RegisterResource","msg":"Resource 'git-working-directory' registered successfully."}
{"level":20,"time":1770950782731,"env":"development","version":"2.6.5","pid":18008,"requestId":"4CTZ0-3DP1S","timestamp":"2026-02-13T02:46:22.731Z","operation":"PromptRegistry.registerAll","msg":"Registering 1 prompts..."}
{"level":20,"time":1770950782731,"env":"development","version":"2.6.5","pid":18008,"requestId":"4CTZ0-3DP1S","timestamp":"2026-02-13T02:46:22.731Z","operation":"PromptRegistry.registerAll","msg":"Registering prompt: git_wrapup"}
{"level":30,"time":1770950782732,"env":"development","version":"2.6.5","pid":18008,"requestId":"4CTZ0-3DP1S","timestamp":"2026-02-13T02:46:22.731Z","operation":"PromptRegistry.registerAll","msg":"Registered prompt: git_wrapup"}
{"level":30,"time":1770950782732,"env":"development","version":"2.6.5","pid":18008,"requestId":"4CTZ0-3DP1S","timestamp":"2026-02-13T02:46:22.731Z","operation":"PromptRegistry.registerAll","msg":"Successfully registered 1 prompts"}
{"level":20,"time":1770950782732,"env":"development","version":"2.6.5","pid":18008,"requestId":"WFSYM-4QW0M","timestamp":"2026-02-13T02:46:22.732Z","operation":"RootsRegistry.registerAll","msg":"Roots capability enabled (client-provided roots)"}
{"level":30,"time":1770950782732,"env":"development","version":"2.6.5","pid":18008,"requestId":"WFSYM-4QW0M","timestamp":"2026-02-13T02:46:22.732Z","operation":"RootsRegistry.registerAll","msg":"Roots capability registered successfully"}
{"level":30,"time":1770950782732,"env":"development","version":"2.6.5","pid":18008,"requestId":"ZW4IO-U14S9","timestamp":"2026-02-13T02:46:22.720Z","operation":"createMcpServerInstance","msg":"All MCP capabilities registered successfully"}
{"level":30,"time":1770950782732,"env":"development","version":"2.6.5","pid":18008,"transport":"stdio","requestId":"GRM3V-5KS9V","timestamp":"2026-02-13T02:46:22.720Z","operation":"connectStdioTransport","transportType":"Stdio","msg":"Attempting to connect stdio transport..."}
{"level":20,"time":1770950782732,"env":"development","version":"2.6.5","pid":18008,"transport":"stdio","requestId":"GRM3V-5KS9V","timestamp":"2026-02-13T02:46:22.720Z","operation":"connectStdioTransport","transportType":"Stdio","msg":"Creating StdioServerTransport instance..."}
{"level":20,"time":1770950782732,"env":"development","version":"2.6.5","pid":18008,"transport":"stdio","requestId":"GRM3V-5KS9V","timestamp":"2026-02-13T02:46:22.720Z","operation":"connectStdioTransport","transportType":"Stdio","msg":"Connecting McpServer instance to StdioServerTransport..."}
{"level":30,"time":1770950782732,"env":"development","version":"2.6.5","pid":18008,"transport":"stdio","requestId":"GRM3V-5KS9V","timestamp":"2026-02-13T02:46:22.720Z","operation":"connectStdioTransport","transportType":"Stdio","msg":"MCP Server connected and listening via stdio transport."}
{"level":30,"time":1770950782732,"env":"development","version":"2.6.5","pid":18008,"applicationName":"@cyanheads/git-mcp-server","applicationVersion":"2.6.5","nodeEnvironment":"development","requestId":"29PSF-4OLJD","timestamp":"2026-02-13T02:46:22.719Z","operation":"ServerStartup","msg":"@cyanheads/git-mcp-server is now running and ready."}
{"level":30,"time":1770950864998,"env":"development","version":"2.7.0","pid":4396,"requestId":"3KNWO-CIYK7","timestamp":"2026-02-13T02:47:44.996Z","operation":"loggerInit","msg":"Logger initialized. MCP level: debug."}
{"level":30,"time":1770950864998,"env":"development","version":"2.7.0","pid":4396,"requestId":"4FFSV-HY7WT","timestamp":"2026-02-13T02:47:44.998Z","operation":"LoggerInit","msg":"Logger initialized. Effective MCP logging level: debug."}
{"level":30,"time":1770950864998,"env":"development","version":"2.7.0","pid":4396,"runtime":"node","runtimeVersion":"Node.js 25.6.1","requestId":"SKO6J-YD771","timestamp":"2026-02-13T02:47:44.998Z","operation":"RuntimeDetection","msg":"Runtime detected: Node.js 25.6.1"}
{"level":30,"time":1770950864998,"env":"development","version":"2.7.0","pid":4396,"requestId":"L3CYO-MP6ZO","timestamp":"2026-02-13T02:47:44.998Z","operation":"StorageInit","msg":"Storage service initialized with provider: in-memory"}
{"level":30,"time":1770950864999,"env":"development","version":"2.7.0","pid":4396,"applicationName":"@cyanheads/git-mcp-server","applicationVersion":"2.7.0","nodeEnvironment":"development","requestId":"OZ7IF-6M2IF","timestamp":"2026-02-13T02:47:44.999Z","operation":"ServerStartup","msg":"Starting @cyanheads/git-mcp-server (v2.7.0)..."}
{"level":30,"time":1770950864999,"env":"development","version":"2.7.0","pid":4396,"transport":"stdio","requestId":"UL89Z-VSQ5Z","timestamp":"2026-02-13T02:47:44.999Z","operation":"TransportManager.start","msg":"Starting transport: stdio"}
{"level":30,"time":1770950864999,"env":"development","version":"2.7.0","pid":4396,"requestId":"LE77V-EYAIY","timestamp":"2026-02-13T02:47:44.999Z","operation":"createMcpServerInstance","msg":"Initializing MCP server instance"}
{"level":20,"time":1770950864999,"env":"development","version":"2.7.0","pid":4396,"requestId":"2J5PN-3J37S","timestamp":"2026-02-13T02:47:44.999Z","newConfigState":{"appName":"@cyanheads/git-mcp-server","appVersion":"2.7.0","environment":"development"},"operation":"RequestContextService.configure","msg":"RequestContextService configuration updated"}
{"level":20,"time":1770950865004,"env":"development","version":"2.7.0","pid":4396,"requestId":"LE77V-EYAIY","timestamp":"2026-02-13T02:47:44.999Z","operation":"createMcpServerInstance","msg":"Registering all MCP capabilities via registries..."}
{"level":30,"time":1770950865004,"env":"development","version":"2.7.0","pid":4396,"requestId":"NZ5OA-TMKO8","timestamp":"2026-02-13T02:47:45.004Z","operation":"ToolRegistry.registerAll","msg":"Registering 27 tool(s)..."}
{"level":20,"time":1770950865004,"env":"development","version":"2.7.0","pid":4396,"toolName":"git_add","requestId":"EQOM0-9M3KN","timestamp":"2026-02-13T02:47:45.004Z","operation":"ToolRegistry.registerTool","msg":"Registering tool: 'git_add'"}
{"level":30,"time":1770950865005,"env":"development","version":"2.7.0","pid":4396,"toolName":"git_add","requestId":"EQOM0-9M3KN","timestamp":"2026-02-13T02:47:45.004Z","operation":"ToolRegistry.registerTool","msg":"Tool 'git_add' registered successfully."}
{"level":20,"time":1770950865006,"env":"development","version":"2.7.0","pid":4396,"toolName":"git_blame","requestId":"RMTU7-483Y2","timestamp":"2026-02-13T02:47:45.006Z","operation":"ToolRegistry.registerTool","msg":"Registering tool: 'git_blame'"}
{"level":30,"time":1770950865006,"env":"development","version":"2.7.0","pid":4396,"toolName":"git_blame","requestId":"RMTU7-483Y2","timestamp":"2026-02-13T02:47:45.006Z","operation":"ToolRegistry.registerTool","msg":"Tool 'git_blame' registered successfully."}
{"level":20,"time":1770950865006,"env":"development","version":"2.7.0","pid":4396,"toolName":"git_branch","requestId":"78EA0-9TNI4","timestamp":"2026-02-13T02:47:45.006Z","operation":"ToolRegistry.registerTool","msg":"Registering tool: 'git_branch'"}
{"level":30,"time":1770950865006,"env":"development","version":"2.7.0","pid":4396,"toolName":"git_branch","requestId":"78EA0-9TNI4","timestamp":"2026-02-13T02:47:45.006Z","operation":"ToolRegistry.registerTool","msg":"Tool 'git_branch' registered successfully."}
{"level":20,"time":1770950865006,"env":"development","version":"2.7.0","pid":4396,"toolName":"git_checkout","requestId":"X8UQ8-W5HB5","timestamp":"2026-02-13T02:47:45.006Z","operation":"ToolRegistry.registerTool","msg":"Registering tool: 'git_checkout'"}
{"level":30,"time":1770950865006,"env":"development","version":"2.7.0","pid":4396,"toolName":"git_checkout","requestId":"X8UQ8-W5HB5","timestamp":"2026-02-13T02:47:45.006Z","operation":"ToolRegistry.registerTool","msg":"Tool 'git_checkout' registered successfully."}
{"level":20,"time":1770950865006,"env":"development","version":"2.7.0","pid":4396,"toolName":"git_cherry_pick","requestId":"WDCKU-ED2OP","timestamp":"2026-02-13T02:47:45.006Z","operation":"ToolRegistry.registerTool","msg":"Registering tool: 'git_cherry_pick'"}
{"level":30,"time":1770950865006,"env":"development","version":"2.7.0","pid":4396,"toolName":"git_cherry_pick","requestId":"WDCKU-ED2OP","timestamp":"2026-02-13T02:47:45.006Z","operation":"ToolRegistry.registerTool","msg":"Tool 'git_cherry_pick' registered successfully."}
{"level":20,"time":1770950865006,"env":"development","version":"2.7.0","pid":4396,"toolName":"git_clean","requestId":"799PX-1A8IG","timestamp":"2026-02-13T02:47:45.006Z","operation":"ToolRegistry.registerTool","msg":"Registering tool: 'git_clean'"}
{"level":30,"time":1770950865006,"env":"development","version":"2.7.0","pid":4396,"toolName":"git_clean","requestId":"799PX-1A8IG","timestamp":"2026-02-13T02:47:45.006Z","operation":"ToolRegistry.registerTool","msg":"Tool 'git_clean' registered successfully."}
{"level":20,"time":1770950865006,"env":"development","version":"2.7.0","pid":4396,"toolName":"git_clear_working_dir","requestId":"KY4N0-SPEZK","timestamp":"2026-02-13T02:47:45.006Z","operation":"ToolRegistry.registerTool","msg":"Registering tool: 'git_clear_working_dir'"}
{"level":30,"time":1770950865006,"env":"development","version":"2.7.0","pid":4396,"toolName":"git_clear_working_dir","requestId":"KY4N0-SPEZK","timestamp":"2026-02-13T02:47:45.006Z","operation":"ToolRegistry.registerTool","msg":"Tool 'git_clear_working_dir' registered successfully."}
{"level":20,"time":1770950865006,"env":"development","version":"2.7.0","pid":4396,"toolName":"git_clone","requestId":"TYCIP-JWO58","timestamp":"2026-02-13T02:47:45.006Z","operation":"ToolRegistry.registerTool","msg":"Registering tool: 'git_clone'"}
{"level":30,"time":1770950865006,"env":"development","version":"2.7.0","pid":4396,"toolName":"git_clone","requestId":"TYCIP-JWO58","timestamp":"2026-02-13T02:47:45.006Z","operation":"ToolRegistry.registerTool","msg":"Tool 'git_clone' registered successfully."}
{"level":20,"time":1770950865006,"env":"development","version":"2.7.0","pid":4396,"toolName":"git_commit","requestId":"E0WKY-0QYLE","timestamp":"2026-02-13T02:47:45.006Z","operation":"ToolRegistry.registerTool","msg":"Registering tool: 'git_commit'"}
{"level":30,"time":1770950865006,"env":"development","version":"2.7.0","pid":4396,"toolName":"git_commit","requestId":"E0WKY-0QYLE","timestamp":"2026-02-13T02:47:45.006Z","operation":"ToolRegistry.registerTool","msg":"Tool 'git_commit' registered successfully."}
{"level":20,"time":1770950865006,"env":"development","version":"2.7.0","pid":4396,"toolName":"git_diff","requestId":"Y2WI2-T84ZK","timestamp":"2026-02-13T02:47:45.006Z","operation":"ToolRegistry.registerTool","msg":"Registering tool: 'git_diff'"}
{"level":30,"time":1770950865006,"env":"development","version":"2.7.0","pid":4396,"toolName":"git_diff","requestId":"Y2WI2-T84ZK","timestamp":"2026-02-13T02:47:45.006Z","operation":"ToolRegistry.registerTool","msg":"Tool 'git_diff' registered successfully."}
{"level":20,"time":1770950865007,"env":"development","version":"2.7.0","pid":4396,"toolName":"git_fetch","requestId":"61B8Y-XJ7LP","timestamp":"2026-02-13T02:47:45.007Z","operation":"ToolRegistry.registerTool","msg":"Registering tool: 'git_fetch'"}
{"level":30,"time":1770950865007,"env":"development","version":"2.7.0","pid":4396,"toolName":"git_fetch","requestId":"61B8Y-XJ7LP","timestamp":"2026-02-13T02:47:45.007Z","operation":"ToolRegistry.registerTool","msg":"Tool 'git_fetch' registered successfully."}
{"level":20,"time":1770950865007,"env":"development","version":"2.7.0","pid":4396,"toolName":"git_init","requestId":"TWTCO-ET8FD","timestamp":"2026-02-13T02:47:45.007Z","operation":"ToolRegistry.registerTool","msg":"Registering tool: 'git_init'"}
{"level":30,"time":1770950865007,"env":"development","version":"2.7.0","pid":4396,"toolName":"git_init","requestId":"TWTCO-ET8FD","timestamp":"2026-02-13T02:47:45.007Z","operation":"ToolRegistry.registerTool","msg":"Tool 'git_init' registered successfully."}
{"level":20,"time":1770950865007,"env":"development","version":"2.7.0","pid":4396,"toolName":"git_log","requestId":"8GDS2-VKG16","timestamp":"2026-02-13T02:47:45.007Z","operation":"ToolRegistry.registerTool","msg":"Registering tool: 'git_log'"}
{"level":30,"time":1770950865007,"env":"development","version":"2.7.0","pid":4396,"toolName":"git_log","requestId":"8GDS2-VKG16","timestamp":"2026-02-13T02:47:45.007Z","operation":"ToolRegistry.registerTool","msg":"Tool 'git_log' registered successfully."}
{"level":20,"time":1770950865007,"env":"development","version":"2.7.0","pid":4396,"toolName":"git_merge","requestId":"XLCUY-8F6Y9","timestamp":"2026-02-13T02:47:45.007Z","operation":"ToolRegistry.registerTool","msg":"Registering tool: 'git_merge'"}
{"level":30,"time":1770950865007,"env":"development","version":"2.7.0","pid":4396,"toolName":"git_merge","requestId":"XLCUY-8F6Y9","timestamp":"2026-02-13T02:47:45.007Z","operation":"ToolRegistry.registerTool","msg":"Tool 'git_merge' registered successfully."}
{"level":20,"time":1770950865007,"env":"development","version":"2.7.0","pid":4396,"toolName":"git_pull","requestId":"PKEAF-49JXB","timestamp":"2026-02-13T02:47:45.007Z","operation":"ToolRegistry.registerTool","msg":"Registering tool: 'git_pull'"}
{"level":30,"time":1770950865007,"env":"development","version":"2.7.0","pid":4396,"toolName":"git_pull","requestId":"PKEAF-49JXB","timestamp":"2026-02-13T02:47:45.007Z","operation":"ToolRegistry.registerTool","msg":"Tool 'git_pull' registered successfully."}
{"level":20,"time":1770950865007,"env":"development","version":"2.7.0","pid":4396,"toolName":"git_push","requestId":"R224S-IO73X","timestamp":"2026-02-13T02:47:45.007Z","operation":"ToolRegistry.registerTool","msg":"Registering tool: 'git_push'"}
{"level":30,"time":1770950865007,"env":"development","version":"2.7.0","pid":4396,"toolName":"git_push","requestId":"R224S-IO73X","timestamp":"2026-02-13T02:47:45.007Z","operation":"ToolRegistry.registerTool","msg":"Tool 'git_push' registered successfully."}
{"level":20,"time":1770950865007,"env":"development","version":"2.7.0","pid":4396,"toolName":"git_rebase","requestId":"PEA5Q-EGEQ2","timestamp":"2026-02-13T02:47:45.007Z","operation":"ToolRegistry.registerTool","msg":"Registering tool: 'git_rebase'"}
{"level":30,"time":1770950865007,"env":"development","version":"2.7.0","pid":4396,"toolName":"git_rebase","requestId":"PEA5Q-EGEQ2","timestamp":"2026-02-13T02:47:45.007Z","operation":"ToolRegistry.registerTool","msg":"Tool 'git_rebase' registered successfully."}
{"level":20,"time":1770950865007,"env":"development","version":"2.7.0","pid":4396,"toolName":"git_reflog","requestId":"GZQCH-SJYKF","timestamp":"2026-02-13T02:47:45.007Z","operation":"ToolRegistry.registerTool","msg":"Registering tool: 'git_reflog'"}
{"level":30,"time":1770950865007,"env":"development","version":"2.7.0","pid":4396,"toolName":"git_reflog","requestId":"GZQCH-SJYKF","timestamp":"2026-02-13T02:47:45.007Z","operation":"ToolRegistry.registerTool","msg":"Tool 'git_reflog' registered successfully."}
{"level":20,"time":1770950865007,"env":"development","version":"2.7.0","pid":4396,"toolName":"git_remote","requestId":"XYT38-5KWE1","timestamp":"2026-02-13T02:47:45.007Z","operation":"ToolRegistry.registerTool","msg":"Registering tool: 'git_remote'"}
{"level":30,"time":1770950865007,"env":"development","version":"2.7.0","pid":4396,"toolName":"git_remote","requestId":"XYT38-5KWE1","timestamp":"2026-02-13T02:47:45.007Z","operation":"ToolRegistry.registerTool","msg":"Tool 'git_remote' registered successfully."}
{"level":20,"time":1770950865007,"env":"development","version":"2.7.0","pid":4396,"toolName":"git_reset","requestId":"N1Q6H-N5RFD","timestamp":"2026-02-13T02:47:45.007Z","operation":"ToolRegistry.registerTool","msg":"Registering tool: 'git_reset'"}
{"level":30,"time":1770950865007,"env":"development","version":"2.7.0","pid":4396,"toolName":"git_reset","requestId":"N1Q6H-N5RFD","timestamp":"2026-02-13T02:47:45.007Z","operation":"ToolRegistry.registerTool","msg":"Tool 'git_reset' registered successfully."}
{"level":20,"time":1770950865007,"env":"development","version":"2.7.0","pid":4396,"toolName":"git_set_working_dir","requestId":"AVKIN-S8RR2","timestamp":"2026-02-13T02:47:45.007Z","operation":"ToolRegistry.registerTool","msg":"Registering tool: 'git_set_working_dir'"}
{"level":30,"time":1770950865007,"env":"development","version":"2.7.0","pid":4396,"toolName":"git_set_working_dir","requestId":"AVKIN-S8RR2","timestamp":"2026-02-13T02:47:45.007Z","operation":"ToolRegistry.registerTool","msg":"Tool 'git_set_working_dir' registered successfully."}
{"level":20,"time":1770950865007,"env":"development","version":"2.7.0","pid":4396,"toolName":"git_show","requestId":"VKQEX-N6H1V","timestamp":"2026-02-13T02:47:45.007Z","operation":"ToolRegistry.registerTool","msg":"Registering tool: 'git_show'"}
{"level":30,"time":1770950865007,"env":"development","version":"2.7.0","pid":4396,"toolName":"git_show","requestId":"VKQEX-N6H1V","timestamp":"2026-02-13T02:47:45.007Z","operation":"ToolRegistry.registerTool","msg":"Tool 'git_show' registered successfully."}
{"level":20,"time":1770950865007,"env":"development","version":"2.7.0","pid":4396,"toolName":"git_stash","requestId":"HBY6Z-UJFMU","timestamp":"2026-02-13T02:47:45.007Z","operation":"ToolRegistry.registerTool","msg":"Registering tool: 'git_stash'"}
{"level":30,"time":1770950865007,"env":"development","version":"2.7.0","pid":4396,"toolName":"git_stash","requestId":"HBY6Z-UJFMU","timestamp":"2026-02-13T02:47:45.007Z","operation":"ToolRegistry.registerTool","msg":"Tool 'git_stash' registered successfully."}
{"level":20,"time":1770950865007,"env":"development","version":"2.7.0","pid":4396,"toolName":"git_status","requestId":"9G2EE-3BJBM","timestamp":"2026-02-13T02:47:45.007Z","operation":"ToolRegistry.registerTool","msg":"Registering tool: 'git_status'"}
{"level":30,"time":1770950865007,"env":"development","version":"2.7.0","pid":4396,"toolName":"git_status","requestId":"9G2EE-3BJBM","timestamp":"2026-02-13T02:47:45.007Z","operation":"ToolRegistry.registerTool","msg":"Tool 'git_status' registered successfully."}
{"level":20,"time":1770950865007,"env":"development","version":"2.7.0","pid":4396,"toolName":"git_tag","requestId":"2OJ8E-IM22F","timestamp":"2026-02-13T02:47:45.007Z","operation":"ToolRegistry.registerTool","msg":"Registering tool: 'git_tag'"}
{"level":30,"time":1770950865007,"env":"development","version":"2.7.0","pid":4396,"toolName":"git_tag","requestId":"2OJ8E-IM22F","timestamp":"2026-02-13T02:47:45.007Z","operation":"ToolRegistry.registerTool","msg":"Tool 'git_tag' registered successfully."}
{"level":20,"time":1770950865008,"env":"development","version":"2.7.0","pid":4396,"toolName":"git_worktree","requestId":"JRVQJ-P99VZ","timestamp":"2026-02-13T02:47:45.007Z","operation":"ToolRegistry.registerTool","msg":"Registering tool: 'git_worktree'"}
{"level":30,"time":1770950865008,"env":"development","version":"2.7.0","pid":4396,"toolName":"git_worktree","requestId":"JRVQJ-P99VZ","timestamp":"2026-02-13T02:47:45.007Z","operation":"ToolRegistry.registerTool","msg":"Tool 'git_worktree' registered successfully."}
{"level":20,"time":1770950865008,"env":"development","version":"2.7.0","pid":4396,"toolName":"git_wrapup_instructions","requestId":"TYJU4-UXIGI","timestamp":"2026-02-13T02:47:45.008Z","operation":"ToolRegistry.registerTool","msg":"Registering tool: 'git_wrapup_instructions'"}
{"level":30,"time":1770950865008,"env":"development","version":"2.7.0","pid":4396,"toolName":"git_wrapup_instructions","requestId":"TYJU4-UXIGI","timestamp":"2026-02-13T02:47:45.008Z","operation":"ToolRegistry.registerTool","msg":"Tool 'git_wrapup_instructions' registered successfully."}
{"level":30,"time":1770950865008,"env":"development","version":"2.7.0","pid":4396,"requestId":"HDV6O-J4YRS","timestamp":"2026-02-13T02:47:45.008Z","operation":"ResourceRegistry.registerAll","msg":"Registering 1 resource(s)..."}
{"level":30,"time":1770950865008,"env":"development","version":"2.7.0","pid":4396,"requestId":"QVPXK-N63P5","timestamp":"2026-02-13T02:47:45.008Z","resourceName":"git-working-directory","operation":"RegisterResource","msg":"Registering resource: 'git-working-directory'"}
{"level":30,"time":1770950865009,"env":"development","version":"2.7.0","pid":4396,"requestId":"QVPXK-N63P5","timestamp":"2026-02-13T02:47:45.008Z","resourceName":"git-working-directory","operation":"RegisterResource","msg":"Resource 'git-working-directory' registered successfully."}
{"level":20,"time":1770950865009,"env":"development","version":"2.7.0","pid":4396,"requestId":"C12MD-3TMQY","timestamp":"2026-02-13T02:47:45.009Z","operation":"PromptRegistry.registerAll","msg":"Registering 1 prompts..."}
{"level":20,"time":1770950865009,"env":"development","version":"2.7.0","pid":4396,"requestId":"C12MD-3TMQY","timestamp":"2026-02-13T02:47:45.009Z","operation":"PromptRegistry.registerAll","msg":"Registering prompt: git_wrapup"}
{"level":30,"time":1770950865010,"env":"development","version":"2.7.0","pid":4396,"requestId":"C12MD-3TMQY","timestamp":"2026-02-13T02:47:45.009Z","operation":"PromptRegistry.registerAll","msg":"Registered prompt: git_wrapup"}
{"level":30,"time":1770950865010,"env":"development","version":"2.7.0","pid":4396,"requestId":"C12MD-3TMQY","timestamp":"2026-02-13T02:47:45.009Z","operation":"PromptRegistry.registerAll","msg":"Successfully registered 1 prompts"}
{"level":30,"time":1770950865010,"env":"development","version":"2.7.0","pid":4396,"requestId":"LE77V-EYAIY","timestamp":"2026-02-13T02:47:44.999Z","operation":"createMcpServerInstance","msg":"All MCP capabilities registered successfully"}
{"level":30,"time":1770950865010,"env":"development","version":"2.7.0","pid":4396,"transport":"stdio","requestId":"UL89Z-VSQ5Z","timestamp":"2026-02-13T02:47:44.999Z","operation":"connectStdioTransport","transportType":"Stdio","msg":"Attempting to connect stdio transport..."}
{"level":20,"time":1770950865010,"env":"development","version":"2.7.0","pid":4396,"transport":"stdio","requestId":"UL89Z-VSQ5Z","timestamp":"2026-02-13T02:47:44.999Z","operation":"connectStdioTransport","transportType":"Stdio","msg":"Creating StdioServerTransport instance..."}
{"level":20,"time":1770950865010,"env":"development","version":"2.7.0","pid":4396,"transport":"stdio","requestId":"UL89Z-VSQ5Z","timestamp":"2026-02-13T02:47:44.999Z","operation":"connectStdioTransport","transportType":"Stdio","msg":"Connecting McpServer instance to StdioServerTransport..."}
{"level":30,"time":1770950865010,"env":"development","version":"2.7.0","pid":4396,"transport":"stdio","requestId":"UL89Z-VSQ5Z","timestamp":"2026-02-13T02:47:44.999Z","operation":"connectStdioTransport","transportType":"Stdio","msg":"MCP Server connected and listening via stdio transport."}
{"level":30,"time":1770950865010,"env":"development","version":"2.7.0","pid":4396,"applicationName":"@cyanheads/git-mcp-server","applicationVersion":"2.7.0","nodeEnvironment":"development","requestId":"OZ7IF-6M2IF","timestamp":"2026-02-13T02:47:44.999Z","operation":"ServerStartup","msg":"@cyanheads/git-mcp-server is now running and ready."}
